date,equity
2022-09-01,100000.0
2022-09-02,100000.0
2022-09-03,100000.0
2022-09-04,100000.0
2022-09-05,100000.0
2022-09-06,100000.0
2022-09-07,100000.0
2022-09-08,100000.0
2022-09-09,100000.0
2022-09-10,100000.0
2022-09-11,100000.0
2022-09-12,100000.0
2022-09-13,99623.39712557479
2022-09-14,99623.39712557479
2022-09-15,99623.39712557479
2022-09-16,99604.5137642808
2022-09-17,99252.75812994376
2022-09-18,99252.75812994376
2022-09-19,99470.54489922033
2022-09-20,98652.10608966008
2022-09-21,98652.10608966008
2022-09-22,98652.10608966008
2022-09-23,98652.10608966008
2022-09-24,98652.10608966008
2022-09-25,98652.10608966008
2022-09-26,98652.10608966008
2022-09-27,98723.38266782142
2022-09-28,98723.38266782142
2022-09-29,98723.38266782142
2022-09-30,98875.60895436592
2022-10-01,98425.18826368183
2022-10-02,98512.86410440523
2022-10-03,98512.86410440523
2022-10-04,98621.80745559212
2022-10-05,98674.77760067003
2022-10-06,98416.96383772267
2022-10-07,98416.96383772267
2022-10-08,98416.96383772267
2022-10-09,98216.13823324116
2022-10-10,98353.11421724127
2022-10-11,98353.11421724127
2022-10-12,98650.91512315409
2022-10-13,98650.91512315409
2022-10-14,98650.91512315409
2022-10-15,98427.7311272154
2022-10-16,98616.39748816438
2022-10-17,98058.7129967857
2022-10-18,98342.6606327714
2022-10-19,98684.06920230166
2022-10-20,98684.06920230166
2022-10-21,98498.0870583795
2022-10-22,98917.41200835114
2022-10-23,99179.86460051539
2022-10-24,99179.86460051539
2022-10-25,98980.88602524692
2022-10-26,98980.88602524692
2022-10-27,98534.98175843923
2022-10-28,98534.98175843923
2022-10-29,98534.98175843923
2022-10-30,98534.98175843923
2022-10-31,98534.98175843923
2022-11-01,99088.787305185
2022-11-02,99196.02207463625
2022-11-03,99435.71082852222
2022-11-04,99240.69250651522
2022-11-05,99240.69250651522
2022-11-06,99240.69250651522
2022-11-07,99240.69250651522
2022-11-08,99240.69250651522
2022-11-09,99952.77138433095
2022-11-10,86103.61060641146
2022-11-11,86155.75911847482
2022-11-12,86155.75911847482
2022-11-13,86155.75911847482
2022-11-14,86505.43664034911
2022-11-15,86566.51853054641
2022-11-16,86566.51853054641
2022-11-17,86566.51853054641
2022-11-18,86993.30118891982
2022-11-19,86688.48625114122
2022-11-20,86688.48625114122
2022-11-21,86688.48625114122
2022-11-22,86353.09930439318
2022-11-23,86304.22923139748
2022-11-24,86181.24426751258
2022-11-25,86421.77691326765
2022-11-26,86421.77691326765
2022-11-27,86421.77691326765
2022-11-28,86421.77691326765
2022-11-29,86284.29338158875
2022-11-30,85511.3982731696
2022-12-01,85511.3982731696
2022-12-02,85511.3982731696
2022-12-03,85573.85440324811
2022-12-04,85447.38405350636
2022-12-05,85447.38405350636
2022-12-06,85447.38405350636
2022-12-07,85447.38405350636
2022-12-08,85447.38405350636
2022-12-09,85165.19006423256
2022-12-10,85165.19006423256
2022-12-11,84974.76639454742
2022-12-12,84974.76639454742
2022-12-13,84974.76639454742
2022-12-14,84974.76639454742
2022-12-15,84123.45728322823
2022-12-16,84117.56159409581
2022-12-17,84117.56159409581
2022-12-18,83956.20077444417
2022-12-19,83853.19014736982
2022-12-20,83860.34514744712
2022-12-21,83860.34514744712
2022-12-22,83944.24092333419
2022-12-23,83659.86359687865
2022-12-24,83659.86359687865
2022-12-25,83852.50754378512
2022-12-26,83392.63976403585
2022-12-27,83060.80224264476
2022-12-28,82788.8396996929
2022-12-29,82932.8098424395
2022-12-30,82932.8098424395
2022-12-31,83669.50169546744
2023-01-01,83462.06909754632
2023-01-02,83356.84584744519
2023-01-03,83276.57630890643
2023-01-04,84491.84590268556
2023-01-05,84574.87100121882
2023-01-06,84436.52066153832
2023-01-07,84175.11004176011
2023-01-08,84393.44915208942
2023-01-09,84393.44915208942
2023-01-10,84393.44915208942
2023-01-11,84393.44915208942
2023-01-12,83951.88032844347
2023-01-13,83756.23447335843
2023-01-14,83874.9930281814
2023-01-15,83816.78563412641
2023-01-16,83816.78563412641
2023-01-17,83816.78563412641
2023-01-18,83679.20463817891
2023-01-19,83417.93640550697
2023-01-20,83417.93640550697
2023-01-21,83234.89750717655
2023-01-22,83234.89750717655
2023-01-23,83234.89750717655
2023-01-24,83111.05941440737
2023-01-25,83111.05941440737
2023-01-26,83111.05941440737
2023-01-27,83111.05941440737
2023-01-28,83111.05941440737
2023-01-29,83111.05941440737
2023-01-30,83111.05941440737
2023-01-31,83566.50731377302
2023-02-01,83566.50731377302
2023-02-02,83566.50731377302
2023-02-03,83216.60119039654
2023-02-04,83532.90936326752
2023-02-05,83532.90936326752
2023-02-06,83532.90936326752
2023-02-07,83569.30488964952
2023-02-08,83212.06461167455
2023-02-09,82980.15589058434
2023-02-10,82980.15589058434
2023-02-11,82980.15589058434
2023-02-12,82980.15589058434
2023-02-13,82980.15589058434
2023-02-14,82980.15589058434
2023-02-15,83155.49997854192
2023-02-16,83155.49997854192
2023-02-17,83155.49997854192
2023-02-18,83272.87607380934
2023-02-19,83272.87607380934
2023-02-20,83272.87607380934
2023-02-21,82806.32485484108
2023-02-22,82806.32485484108
2023-02-23,82806.32485484108
2023-02-24,82806.32485484108
2023-02-25,82806.32485484108
2023-02-26,82806.32485484108
2023-02-27,82806.32485484108
2023-02-28,82806.32485484108
2023-03-01,82806.32485484108
2023-03-02,82806.32485484108
2023-03-03,82806.32485484108
2023-03-04,82806.32485484108
2023-03-05,82806.32485484108
2023-03-06,82806.32485484108
2023-03-07,82806.32485484108
2023-03-08,82806.32485484108
2023-03-09,82806.32485484108
2023-03-10,82793.15314765202
2023-03-11,82470.51736337437
2023-03-12,82491.73578871944
2023-03-13,82333.96812816332
2023-03-14,82333.96812816332
2023-03-15,81736.65205899402
2023-03-16,81628.66360286795
2023-03-17,81628.66360286795
2023-03-18,81553.37318933425
2023-03-19,81553.37318933425
2023-03-20,81557.03228143645
2023-03-21,81557.03228143645
2023-03-22,81557.03228143645
2023-03-23,81557.03228143645
2023-03-24,81557.03228143645
2023-03-25,81557.03228143645
2023-03-26,81557.03228143645
2023-03-27,81599.28329984217
2023-03-28,81320.70148412815
2023-03-29,81320.70148412815
2023-03-30,81413.58593379402
2023-03-31,80946.32572762115
2023-04-01,80946.32572762115
2023-04-02,80946.32572762115
2023-04-03,80891.22636948478
2023-04-04,80891.22636948478
2023-04-05,80891.22636948478
2023-04-06,80996.3329441056
2023-04-07,80987.14335566944
2023-04-08,80880.0941793169
2023-04-09,80880.0941793169
2023-04-10,80880.0941793169
2023-04-11,80880.0941793169
2023-04-12,80880.0941793169
2023-04-13,80880.0941793169
2023-04-14,80880.0941793169
2023-04-15,80880.0941793169
2023-04-16,80736.51659989714
2023-04-17,80736.51659989714
2023-04-18,80059.7643447603
2023-04-19,79594.1068584838
2023-04-20,79594.1068584838
2023-04-21,79594.1068584838
2023-04-22,79594.1068584838
2023-04-23,79594.1068584838
2023-04-24,79594.1068584838
2023-04-25,79594.1068584838
2023-04-26,79594.1068584838
2023-04-27,79594.1068584838
2023-04-28,79594.1068584838
2023-04-29,79594.1068584838
2023-04-30,79594.1068584838
2023-05-01,79594.1068584838
2023-05-02,79594.1068584838
2023-05-03,79594.1068584838
2023-05-04,79594.1068584838
2023-05-05,79594.1068584838
2023-05-06,79594.1068584838
2023-05-07,79594.1068584838
2023-05-08,79594.1068584838
2023-05-09,79594.1068584838
2023-05-10,79594.1068584838
2023-05-11,79594.1068584838
2023-05-12,79594.1068584838
2023-05-13,79594.1068584838
2023-05-14,79594.1068584838
2023-05-15,79594.1068584838
2023-05-16,79594.1068584838
2023-05-17,79594.1068584838
2023-05-18,79594.1068584838
2023-05-19,79594.1068584838
2023-05-20,79594.1068584838
2023-05-21,79594.1068584838
2023-05-22,79594.1068584838
2023-05-23,79594.1068584838
2023-05-24,79594.1068584838
2023-05-25,79594.1068584838
2023-05-26,79594.1068584838
2023-05-27,79594.1068584838
2023-05-28,79594.1068584838
2023-05-29,79594.1068584838
2023-05-30,79594.1068584838
2023-05-31,79594.1068584838
2023-06-01,79594.1068584838
2023-06-02,79594.1068584838
2023-06-03,79594.1068584838
2023-06-04,79594.1068584838
2023-06-05,79594.1068584838
2023-06-06,79594.1068584838
2023-06-07,79594.1068584838
2023-06-08,79594.1068584838
2023-06-09,79594.1068584838
2023-06-10,79594.1068584838
2023-06-11,79594.1068584838
2023-06-12,79594.1068584838
2023-06-13,79594.1068584838
2023-06-14,79594.1068584838
2023-06-15,79594.1068584838
2023-06-16,79594.1068584838
2023-06-17,79594.1068584838
2023-06-18,79594.1068584838
2023-06-19,79594.1068584838
2023-06-20,79594.1068584838
2023-06-21,79594.1068584838
2023-06-22,79594.1068584838
2023-06-23,79594.1068584838
2023-06-24,79594.1068584838
2023-06-25,79594.1068584838
2023-06-26,79594.1068584838
2023-06-27,79594.1068584838
2023-06-28,79594.1068584838
2023-06-29,79594.1068584838
2023-06-30,79594.1068584838
2023-07-01,79594.1068584838
2023-07-02,79594.1068584838
2023-07-03,79594.1068584838
2023-07-04,79594.1068584838
2023-07-05,79594.1068584838
2023-07-06,79594.1068584838
2023-07-07,79594.1068584838
2023-07-08,79594.1068584838
2023-07-09,79594.1068584838
2023-07-10,79594.1068584838
2023-07-11,79594.1068584838
2023-07-12,79594.1068584838
2023-07-13,79594.1068584838
2023-07-14,79594.1068584838
2023-07-15,79594.1068584838
2023-07-16,79594.1068584838
2023-07-17,79594.1068584838
2023-07-18,79594.1068584838
2023-07-19,79594.1068584838
2023-07-20,79594.1068584838
2023-07-21,79594.1068584838
2023-07-22,79594.1068584838
2023-07-23,79594.1068584838
2023-07-24,79594.1068584838
2023-07-25,79594.1068584838
2023-07-26,79594.1068584838
2023-07-27,79594.1068584838
2023-07-28,79594.1068584838
2023-07-29,79594.1068584838
2023-07-30,79594.1068584838
2023-07-31,79594.1068584838
2023-08-01,79594.1068584838
2023-08-02,79594.1068584838
2023-08-03,79594.1068584838
2023-08-04,79594.1068584838
2023-08-05,79594.1068584838
2023-08-06,79594.1068584838
2023-08-07,79594.1068584838
2023-08-08,79594.1068584838
2023-08-09,79594.1068584838
2023-08-10,79594.1068584838
2023-08-11,79594.1068584838
2023-08-12,79594.1068584838
2023-08-13,79594.1068584838
2023-08-14,79594.1068584838
2023-08-15,79594.1068584838
2023-08-16,79594.1068584838
2023-08-17,79594.1068584838
2023-08-18,79594.1068584838
2023-08-19,79594.1068584838
2023-08-20,79594.1068584838
2023-08-21,79594.1068584838
2023-08-22,79594.1068584838
2023-08-23,79594.1068584838
2023-08-24,79594.1068584838
2023-08-25,79594.1068584838
2023-08-26,79594.1068584838
2023-08-27,79594.1068584838
2023-08-28,79594.1068584838
2023-08-29,79594.1068584838
2023-08-30,79594.1068584838
2023-08-31,79594.1068584838
2023-09-01,79594.1068584838
2023-09-02,79594.1068584838
2023-09-03,79594.1068584838
2023-09-04,79594.1068584838
2023-09-05,79594.1068584838
2023-09-06,79594.1068584838
2023-09-07,79594.1068584838
2023-09-08,79594.1068584838
2023-09-09,79594.1068584838
2023-09-10,79594.1068584838
2023-09-11,79594.1068584838
2023-09-12,79594.1068584838
2023-09-13,79594.1068584838
2023-09-14,79594.1068584838
2023-09-15,79594.1068584838
2023-09-16,79594.1068584838
2023-09-17,79594.1068584838
2023-09-18,79594.1068584838
2023-09-19,79594.1068584838
2023-09-20,79594.1068584838
2023-09-21,79594.1068584838
2023-09-22,79594.1068584838
2023-09-23,79594.1068584838
2023-09-24,79594.1068584838
2023-09-25,79594.1068584838
2023-09-26,79594.1068584838
2023-09-27,79594.1068584838
2023-09-28,79594.1068584838
2023-09-29,79594.1068584838
2023-09-30,79594.1068584838
2023-10-01,79594.1068584838
2023-10-02,79594.1068584838
2023-10-03,79594.1068584838
2023-10-04,79594.1068584838
2023-10-05,79594.1068584838
2023-10-06,79594.1068584838
2023-10-07,79594.1068584838
2023-10-08,79594.1068584838
2023-10-09,79594.1068584838
2023-10-10,79594.1068584838
2023-10-11,79594.1068584838
2023-10-12,79594.1068584838
2023-10-13,79594.1068584838
2023-10-14,79594.1068584838
2023-10-15,79594.1068584838
2023-10-16,79594.1068584838
2023-10-17,79594.1068584838
2023-10-18,79594.1068584838
2023-10-19,79594.1068584838
2023-10-20,79594.1068584838
2023-10-21,79594.1068584838
2023-10-22,79594.1068584838
2023-10-23,79594.1068584838
2023-10-24,79594.1068584838
2023-10-25,79594.1068584838
2023-10-26,79594.1068584838
2023-10-27,79594.1068584838
2023-10-28,79594.1068584838
2023-10-29,79594.1068584838
2023-10-30,79594.1068584838
2023-10-31,79594.1068584838
2023-11-01,79594.1068584838
2023-11-02,79594.1068584838
2023-11-03,79594.1068584838
2023-11-04,79594.1068584838
2023-11-05,79594.1068584838
2023-11-06,79594.1068584838
2023-11-07,79594.1068584838
2023-11-08,79594.1068584838
2023-11-09,79594.1068584838
2023-11-10,79594.1068584838
2023-11-11,79594.1068584838
2023-11-12,79594.1068584838
2023-11-13,79594.1068584838
2023-11-14,79594.1068584838
2023-11-15,79594.1068584838
2023-11-16,79594.1068584838
2023-11-17,79594.1068584838
2023-11-18,79594.1068584838
2023-11-19,79594.1068584838
2023-11-20,79594.1068584838
2023-11-21,79594.1068584838
2023-11-22,79594.1068584838
2023-11-23,79594.1068584838
2023-11-24,79594.1068584838
2023-11-25,79594.1068584838
2023-11-26,79594.1068584838
2023-11-27,79594.1068584838
2023-11-28,79594.1068584838
2023-11-29,79594.1068584838
2023-11-30,79594.1068584838
2023-12-01,79594.1068584838
2023-12-02,79594.1068584838
2023-12-03,79594.1068584838
2023-12-04,79594.1068584838
2023-12-05,79594.1068584838
2023-12-06,79594.1068584838
2023-12-07,79594.1068584838
2023-12-08,79594.1068584838
2023-12-09,79594.1068584838
2023-12-10,79594.1068584838
2023-12-11,79594.1068584838
2023-12-12,79594.1068584838
2023-12-13,79594.1068584838
2023-12-14,79594.1068584838
2023-12-15,79594.1068584838
2023-12-16,79594.1068584838
2023-12-17,79594.1068584838
2023-12-18,79594.1068584838
2023-12-19,79594.1068584838
2023-12-20,79594.1068584838
2023-12-21,79594.1068584838
2023-12-22,79594.1068584838
2023-12-23,79594.1068584838
2023-12-24,79594.1068584838
2023-12-25,79594.1068584838
2023-12-26,79594.1068584838
2023-12-27,79594.1068584838
2023-12-28,79594.1068584838
2023-12-29,79594.1068584838
2023-12-30,79594.1068584838
2023-12-31,79594.1068584838
2024-01-01,79594.1068584838
2024-01-02,79594.1068584838
2024-01-03,79594.1068584838
2024-01-04,79594.1068584838
2024-01-05,79594.1068584838
2024-01-06,79594.1068584838
2024-01-07,79594.1068584838
2024-01-08,79594.1068584838
2024-01-09,79594.1068584838
2024-01-10,79594.1068584838
2024-01-11,79594.1068584838
2024-01-12,79594.1068584838
2024-01-13,79594.1068584838
2024-01-14,79594.1068584838
2024-01-15,79594.1068584838
2024-01-16,79594.1068584838
2024-01-17,79594.1068584838
2024-01-18,79594.1068584838
2024-01-19,79594.1068584838
2024-01-20,79594.1068584838
2024-01-21,79594.1068584838
2024-01-22,79594.1068584838
2024-01-23,79594.1068584838
2024-01-24,79594.1068584838
2024-01-25,79594.1068584838
2024-01-26,79594.1068584838
2024-01-27,79594.1068584838
2024-01-28,79594.1068584838
2024-01-29,79594.1068584838
2024-01-30,79594.1068584838
2024-01-31,79594.1068584838
2024-02-01,79594.1068584838
2024-02-02,79594.1068584838
2024-02-03,79594.1068584838
2024-02-04,79594.1068584838
2024-02-05,79594.1068584838
2024-02-06,79594.1068584838
2024-02-07,79594.1068584838
2024-02-08,79594.1068584838
2024-02-09,79594.1068584838
2024-02-10,79594.1068584838
2024-02-11,79594.1068584838
2024-02-12,79594.1068584838
2024-02-13,79594.1068584838
2024-02-14,79594.1068584838
2024-02-15,79594.1068584838
2024-02-16,79594.1068584838
2024-02-17,79594.1068584838
2024-02-18,79594.1068584838
2024-02-19,79594.1068584838
2024-02-20,79594.1068584838
2024-02-21,79594.1068584838
2024-02-22,79594.1068584838
2024-02-23,79594.1068584838
2024-02-24,79594.1068584838
2024-02-25,79594.1068584838
2024-02-26,79594.1068584838
2024-02-27,79594.1068584838
2024-02-28,79594.1068584838
2024-02-29,79594.1068584838
2024-03-01,79594.1068584838
2024-03-02,79594.1068584838
2024-03-03,79594.1068584838
2024-03-04,79594.1068584838
2024-03-05,79594.1068584838
2024-03-06,79594.1068584838
2024-03-07,79594.1068584838
2024-03-08,79594.1068584838
2024-03-09,79594.1068584838
2024-03-10,79594.1068584838
2024-03-11,79594.1068584838
2024-03-12,79594.1068584838
2024-03-13,79594.1068584838
2024-03-14,79594.1068584838
2024-03-15,79594.1068584838
2024-03-16,79594.1068584838
2024-03-17,79594.1068584838
2024-03-18,79594.1068584838
2024-03-19,79594.1068584838
2024-03-20,79594.1068584838
2024-03-21,79594.1068584838
2024-03-22,79594.1068584838
2024-03-23,79594.1068584838
2024-03-24,79594.1068584838
2024-03-25,79594.1068584838
2024-03-26,79594.1068584838
2024-03-27,79594.1068584838
2024-03-28,79594.1068584838
2024-03-29,79594.1068584838
2024-03-30,79594.1068584838
2024-03-31,79594.1068584838
2024-04-01,79594.1068584838
2024-04-02,79594.1068584838
2024-04-03,79594.1068584838
2024-04-04,79594.1068584838
2024-04-05,79594.1068584838
2024-04-06,79594.1068584838
2024-04-07,79594.1068584838
2024-04-08,79594.1068584838
2024-04-09,79594.1068584838
2024-04-10,79594.1068584838
2024-04-11,79594.1068584838
2024-04-12,79594.1068584838
2024-04-13,79594.1068584838
2024-04-14,79594.1068584838
2024-04-15,79594.1068584838
2024-04-16,79594.1068584838
2024-04-17,79594.1068584838
2024-04-18,79594.1068584838
2024-04-19,79594.1068584838
2024-04-20,79594.1068584838
2024-04-21,79594.1068584838
2024-04-22,79594.1068584838
2024-04-23,79594.1068584838
2024-04-24,79594.1068584838
2024-04-25,79594.1068584838
2024-04-26,79594.1068584838
2024-04-27,79594.1068584838
2024-04-28,79594.1068584838
2024-04-29,79594.1068584838
2024-04-30,79594.1068584838
2024-05-01,79594.1068584838
2024-05-02,79594.1068584838
2024-05-03,79594.1068584838
2024-05-04,79594.1068584838
2024-05-05,79594.1068584838
2024-05-06,79594.1068584838
2024-05-07,79594.1068584838
2024-05-08,79594.1068584838
2024-05-09,79594.1068584838
2024-05-10,79594.1068584838
2024-05-11,79594.1068584838
2024-05-12,79594.1068584838
2024-05-13,79594.1068584838
2024-05-14,79594.1068584838
2024-05-15,79594.1068584838
2024-05-16,79594.1068584838
2024-05-17,79594.1068584838
2024-05-18,79594.1068584838
2024-05-19,79594.1068584838
2024-05-20,79594.1068584838
2024-05-21,79594.1068584838
2024-05-22,79594.1068584838
2024-05-23,79594.1068584838
2024-05-24,79594.1068584838
2024-05-25,79594.1068584838
2024-05-26,79594.1068584838
2024-05-27,79594.1068584838
2024-05-28,79594.1068584838
2024-05-29,79594.1068584838
2024-05-30,79594.1068584838
2024-05-31,79594.1068584838
2024-06-01,79594.1068584838
2024-06-02,79594.1068584838
2024-06-03,79594.1068584838
2024-06-04,79594.1068584838
2024-06-05,79594.1068584838
2024-06-06,79594.1068584838
2024-06-07,79594.1068584838
2024-06-08,79594.1068584838
2024-06-09,79594.1068584838
2024-06-10,79594.1068584838
2024-06-11,79594.1068584838
2024-06-12,79594.1068584838
2024-06-13,79594.1068584838
2024-06-14,79594.1068584838
2024-06-15,79594.1068584838
2024-06-16,79594.1068584838
2024-06-17,79594.1068584838
2024-06-18,79594.1068584838
2024-06-19,79594.1068584838
2024-06-20,79594.1068584838
2024-06-21,79594.1068584838
2024-06-22,79594.1068584838
2024-06-23,79594.1068584838
2024-06-24,79594.1068584838
2024-06-25,79594.1068584838
2024-06-26,79594.1068584838
2024-06-27,79594.1068584838
2024-06-28,79594.1068584838
2024-06-29,79594.1068584838
2024-06-30,79594.1068584838
2024-07-01,79594.1068584838
2024-07-02,79594.1068584838
2024-07-03,79594.1068584838
2024-07-04,79594.1068584838
2024-07-05,79594.1068584838
2024-07-06,79594.1068584838
2024-07-07,79594.1068584838
2024-07-08,79594.1068584838
2024-07-09,79594.1068584838
2024-07-10,79594.1068584838
2024-07-11,79594.1068584838
2024-07-12,79594.1068584838
2024-07-13,79594.1068584838
2024-07-14,79594.1068584838
2024-07-15,79594.1068584838
2024-07-16,79594.1068584838
2024-07-17,79594.1068584838
2024-07-18,79594.1068584838
2024-07-19,79594.1068584838
2024-07-20,79594.1068584838
2024-07-21,79594.1068584838
2024-07-22,79594.1068584838
2024-07-23,79594.1068584838
2024-07-24,79594.1068584838
2024-07-25,79594.1068584838
2024-07-26,79594.1068584838
2024-07-27,79594.1068584838
2024-07-28,79594.1068584838
2024-07-29,79594.1068584838
2024-07-30,79594.1068584838
2024-07-31,79594.1068584838
2024-08-01,79594.1068584838
2024-08-02,79594.1068584838
2024-08-03,79594.1068584838
2024-08-04,79594.1068584838
2024-08-05,79594.1068584838
2024-08-06,79594.1068584838
2024-08-07,79594.1068584838
2024-08-08,79594.1068584838
2024-08-09,79594.1068584838
2024-08-10,79594.1068584838
2024-08-11,79594.1068584838
2024-08-12,79594.1068584838
2024-08-13,79594.1068584838
2024-08-14,79594.1068584838
2024-08-15,79594.1068584838
2024-08-16,79594.1068584838
2024-08-17,79594.1068584838
2024-08-18,79594.1068584838
2024-08-19,79594.1068584838
2024-08-20,79594.1068584838
2024-08-21,79594.1068584838
2024-08-22,79594.1068584838
2024-08-23,79594.1068584838
2024-08-24,79594.1068584838
2024-08-25,79594.1068584838
2024-08-26,79594.1068584838
2024-08-27,79594.1068584838
2024-08-28,79594.1068584838
2024-08-29,79594.1068584838
2024-08-30,79594.1068584838
2024-08-31,79594.1068584838
2024-09-01,79594.1068584838
