asset,entry_time,exit_time,direction,entry_zscore,hours_held,funding_pnl_pct,cost_pct,net_pnl_pct,exit_reason
SOL-USDT-PERP,2022-09-19 16:00:00+00:00,2022-09-20 00:00:00+00:00,LONG,-1.719,8,-0.00254,0.04,-0.04254,REVERT
SOL-USDT-PERP,2022-09-30 08:00:00+00:00,2022-09-30 16:00:00+00:00,LONG,-1.869,8,-0.00297,0.04,-0.04297,REVERT
SOL-USDT-PERP,2022-10-04 16:00:00+00:00,2022-10-05 08:00:00+00:00,LONG,-2.747,16,0.0199,0.04,-0.0201,REVERT
SOL-USDT-PERP,2022-10-06 08:00:00+00:00,2022-10-06 16:00:00+00:00,LONG,-1.749,8,-0.00763,0.04,-0.04763,REVERT
SOL-USDT-PERP,2022-10-13 16:00:00+00:00,2022-10-14 16:00:00+00:00,LONG,-2.78,24,0.03914,0.04,-0.00086,TIMEOUT
SOL-USDT-PERP,2022-10-16 08:00:00+00:00,2022-10-17 08:00:00+00:00,LONG,-2.068,24,0.03905,0.04,-0.00095,TIMEOUT
SOL-USDT-PERP,2022-10-17 08:00:00+00:00,2022-10-18 08:00:00+00:00,LONG,-1.987,24,0.01814,0.04,-0.02186,REVERT
SOL-USDT-PERP,2022-10-22 00:00:00+00:00,2022-10-22 16:00:00+00:00,LONG,-1.683,16,0.01018,0.04,-0.02982,REVERT
SOL-USDT-PERP,2022-10-26 00:00:00+00:00,2022-10-26 08:00:00+00:00,LONG,-2.605,8,-0.01,0.04,-0.05,REVERT
SOL-USDT-PERP,2022-11-08 08:00:00+00:00,2022-11-09 08:00:00+00:00,LONG,-19.212,24,1.53281,0.04,1.49281,TIMEOUT
SOL-USDT-PERP,2022-11-09 08:00:00+00:00,2022-11-10 08:00:00+00:00,LONG,-8.48,24,4.0,0.04,3.96,TIMEOUT
SOL-USDT-PERP,2022-11-10 08:00:00+00:00,2022-11-10 22:00:00+00:00,LONG,-13.549,14,0.90985,0.04,0.86985,REVERT
SOL-USDT-PERP,2022-11-11 02:00:00+00:00,2022-11-11 06:00:00+00:00,LONG,-1.732,4,0.0,0.04,-0.04,REVERT
SOL-USDT-PERP,2022-11-11 10:00:00+00:00,2022-11-11 20:00:00+00:00,LONG,-1.238,10,1.85489,0.04,1.81489,REVERT
SOL-USDT-PERP,2022-11-12 06:00:00+00:00,2022-11-12 08:00:00+00:00,LONG,-1.236,2,0.14178,0.04,0.10178,REVERT
SOL-USDT-PERP,2022-11-14 02:00:00+00:00,2022-11-14 06:00:00+00:00,LONG,-1.28,4,0.0,0.04,-0.04,REVERT
SOL-USDT-PERP,2022-12-24 16:00:00+00:00,2022-12-25 16:00:00+00:00,LONG,-3.512,24,0.09186,0.04,0.05186,REVERT
SOL-USDT-PERP,2022-12-28 16:00:00+00:00,2022-12-29 08:00:00+00:00,LONG,-2.975,16,0.05665,0.04,0.01665,REVERT
SOL-USDT-PERP,2022-12-30 00:00:00+00:00,2022-12-31 00:00:00+00:00,LONG,-8.712,24,0.78306,0.04,0.74306,TIMEOUT
SOL-USDT-PERP,2022-12-31 00:00:00+00:00,2023-01-01 00:00:00+00:00,LONG,-4.878,24,0.38372,0.04,0.34372,TIMEOUT
SOL-USDT-PERP,2023-01-01 00:00:00+00:00,2023-01-01 08:00:00+00:00,LONG,-1.632,8,0.03676,0.04,-0.00324,REVERT
SOL-USDT-PERP,2023-01-02 00:00:00+00:00,2023-01-02 16:00:00+00:00,LONG,-1.617,16,0.09707,0.04,0.05707,REVERT
SOL-USDT-PERP,2023-01-03 00:00:00+00:00,2023-01-04 00:00:00+00:00,LONG,-1.614,24,1.32069,0.04,1.28069,TIMEOUT
SOL-USDT-PERP,2023-01-04 00:00:00+00:00,2023-01-05 01:00:00+00:00,LONG,-4.586,24,1.36728,0.04,1.32728,TIMEOUT
SOL-USDT-PERP,2023-01-05 01:00:00+00:00,2023-01-05 08:00:00+00:00,LONG,-1.26,7,0.05232,0.04,0.01232,REVERT
SOL-USDT-PERP,2023-01-06 00:00:00+00:00,2023-01-06 08:00:00+00:00,LONG,-1.266,8,0.04371,0.04,0.00371,REVERT
SOL-USDT-PERP,2023-02-09 08:00:00+00:00,2023-02-10 00:00:00+00:00,LONG,-2.281,16,-0.00788,0.04,-0.04788,REVERT
SOL-USDT-PERP,2023-02-12 00:00:00+00:00,2023-02-13 00:00:00+00:00,LONG,-3.976,24,0.10203,0.04,0.06203,TIMEOUT
SOL-USDT-PERP,2023-02-13 00:00:00+00:00,2023-02-13 16:00:00+00:00,LONG,-3.078,16,0.00369,0.04,-0.03631,REVERT
SOL-USDT-PERP,2023-02-14 08:00:00+00:00,2023-02-14 16:00:00+00:00,LONG,-1.827,8,-0.00654,0.04,-0.04654,REVERT
SOL-USDT-PERP,2023-02-19 16:00:00+00:00,2023-02-20 16:00:00+00:00,SHORT,1.327,24,0.0717,0.04,0.0317,TIMEOUT
SOL-USDT-PERP,2023-02-20 16:00:00+00:00,2023-02-21 00:00:00+00:00,SHORT,1.422,8,0.01,0.04,-0.03,REVERT
SOL-USDT-PERP,2023-03-10 16:00:00+00:00,2023-03-11 16:00:00+00:00,LONG,-1.724,24,0.07888,0.04,0.03888,TIMEOUT
SOL-USDT-PERP,2023-03-11 16:00:00+00:00,2023-03-12 08:00:00+00:00,LONG,-3.619,16,0.00904,0.04,-0.03096,REVERT
SOL-USDT-PERP,2023-03-12 16:00:00+00:00,2023-03-13 00:00:00+00:00,LONG,-1.279,8,-0.00774,0.04,-0.04774,REVERT
SOL-USDT-PERP,2023-03-15 00:00:00+00:00,2023-03-15 16:00:00+00:00,SHORT,1.454,16,0.02422,0.04,-0.01578,REVERT
SOL-USDT-PERP,2023-03-16 16:00:00+00:00,2023-03-17 00:00:00+00:00,LONG,-1.928,8,-0.01,0.04,-0.05,REVERT
SOL-USDT-PERP,2023-03-28 00:00:00+00:00,2023-03-29 00:00:00+00:00,LONG,-2.383,24,0.00159,0.04,-0.03841,REVERT
SOL-USDT-PERP,2023-04-14 08:00:00+00:00,2023-04-14 16:00:00+00:00,SHORT,1.493,8,0.01,0.04,-0.03,REVERT
SOL-USDT-PERP,2023-04-15 08:00:00+00:00,2023-04-16 00:00:00+00:00,SHORT,1.379,16,0.0366,0.04,-0.0034,REVERT
SOL-USDT-PERP,2023-04-16 08:00:00+00:00,2023-04-16 16:00:00+00:00,SHORT,5.812,8,0.01,0.04,-0.03,REVERT
SOL-USDT-PERP,2023-04-17 00:00:00+00:00,2023-04-18 00:00:00+00:00,SHORT,6.651,24,0.08217,0.04,0.04217,REVERT
SOL-USDT-PERP,2023-04-18 08:00:00+00:00,2023-04-19 08:00:00+00:00,SHORT,1.2,24,0.0539,0.04,0.0139,REVERT
SOL-USDT-PERP,2023-06-10 08:00:00+00:00,2023-06-11 08:00:00+00:00,LONG,-5.173,24,0.11218,0.04,0.07218,TIMEOUT
SOL-USDT-PERP,2023-06-11 08:00:00+00:00,2023-06-12 08:00:00+00:00,LONG,-4.522,24,0.01045,0.04,-0.02955,TIMEOUT
SOL-USDT-PERP,2023-06-15 08:00:00+00:00,2023-06-15 16:00:00+00:00,LONG,-1.887,8,-0.01,0.04,-0.05,REVERT
SOL-USDT-PERP,2023-06-17 00:00:00+00:00,2023-06-17 16:00:00+00:00,LONG,-1.94,16,-0.00334,0.04,-0.04334,REVERT
SOL-USDT-PERP,2023-07-07 16:00:00+00:00,2023-07-08 17:00:00+00:00,LONG,-3.967,24,0.04652,0.04,0.00652,TIMEOUT
SOL-USDT-PERP,2023-07-09 00:00:00+00:00,2023-07-09 16:00:00+00:00,LONG,-1.397,16,0.00272,0.04,-0.03728,REVERT
SOL-USDT-PERP,2023-07-11 00:00:00+00:00,2023-07-11 16:00:00+00:00,LONG,-1.685,16,-0.00411,0.04,-0.04411,REVERT
SOL-USDT-PERP,2023-07-14 08:00:00+00:00,2023-07-15 08:00:00+00:00,SHORT,2.988,24,0.06905,0.04,0.02905,REVERT
SOL-USDT-PERP,2023-08-23 08:00:00+00:00,2023-08-24 08:00:00+00:00,LONG,-4.689,24,0.02124,0.04,-0.01876,TIMEOUT
SOL-USDT-PERP,2023-08-24 08:00:00+00:00,2023-08-25 08:00:00+00:00,LONG,-3.864,24,-0.00542,0.04,-0.04542,TIMEOUT
SOL-USDT-PERP,2023-08-27 00:00:00+00:00,2023-08-27 16:00:00+00:00,LONG,-3.187,15,-0.00112,0.04,-0.04112,REVERT
SOL-USDT-PERP,2023-09-08 00:00:00+00:00,2023-09-09 00:00:00+00:00,LONG,-3.034,24,0.0352,0.04,-0.0048,TIMEOUT
SOL-USDT-PERP,2023-09-09 08:00:00+00:00,2023-09-10 08:00:00+00:00,LONG,-2.321,24,0.04608,0.04,0.00608,TIMEOUT
SOL-USDT-PERP,2023-09-10 08:00:00+00:00,2023-09-11 08:00:00+00:00,LONG,-3.595,24,0.12534,0.04,0.08534,TIMEOUT
SOL-USDT-PERP,2023-09-11 08:00:00+00:00,2023-09-12 00:00:00+00:00,LONG,-3.409,16,0.0063,0.04,-0.0337,REVERT
SOL-USDT-PERP,2023-09-14 16:00:00+00:00,2023-09-15 08:00:00+00:00,LONG,-1.531,16,0.01865,0.04,-0.02135,REVERT
SOL-USDT-PERP,2023-09-17 00:00:00+00:00,2023-09-17 16:00:00+00:00,LONG,-1.222,16,0.02643,0.04,-0.01357,REVERT
SOL-USDT-PERP,2023-09-18 00:00:00+00:00,2023-09-18 08:00:00+00:00,LONG,-2.757,8,0.00743,0.04,-0.03257,REVERT
SOL-USDT-PERP,2023-09-20 08:00:00+00:00,2023-09-20 16:00:00+00:00,LONG,-1.249,8,0.00644,0.04,-0.03356,REVERT
SOL-USDT-PERP,2023-09-28 00:00:00+00:00,2023-09-28 08:00:00+00:00,LONG,-1.92,8,-0.0024,0.04,-0.0424,REVERT
SOL-USDT-PERP,2023-09-30 00:00:00+00:00,2023-10-01 00:00:00+00:00,LONG,-1.206,24,0.08094,0.04,0.04094,TIMEOUT
SOL-USDT-PERP,2023-10-01 00:00:00+00:00,2023-10-01 16:00:00+00:00,LONG,-1.989,16,0.0292,0.04,-0.0108,REVERT
SOL-USDT-PERP,2023-10-02 00:00:00+00:00,2023-10-02 08:00:00+00:00,SHORT,1.263,8,-0.00137,0.04,-0.04137,REVERT
SOL-USDT-PERP,2023-10-04 00:00:00+00:00,2023-10-04 16:00:00+00:00,LONG,-1.332,16,0.02432,0.04,-0.01568,REVERT
SOL-USDT-PERP,2023-10-06 00:00:00+00:00,2023-10-06 08:00:00+00:00,LONG,-1.812,8,0.00366,0.04,-0.03634,REVERT
SOL-USDT-PERP,2023-10-06 16:00:00+00:00,2023-10-07 16:00:00+00:00,SHORT,1.523,24,-0.01478,0.04,-0.05478,REVERT
SOL-USDT-PERP,2023-10-14 00:00:00+00:00,2023-10-14 16:00:00+00:00,LONG,-1.673,16,0.02876,0.04,-0.01124,REVERT
SOL-USDT-PERP,2023-10-17 00:00:00+00:00,2023-10-17 08:00:00+00:00,SHORT,1.62,8,-0.01254,0.04,-0.05254,REVERT
SOL-USDT-PERP,2023-10-19 00:00:00+00:00,2023-10-19 16:00:00+00:00,SHORT,1.521,16,-0.00303,0.04,-0.04303,REVERT
SOL-USDT-PERP,2023-10-20 00:00:00+00:00,2023-10-20 08:00:00+00:00,SHORT,1.507,8,-0.04786,0.04,-0.08786,REVERT
SOL-USDT-PERP,2023-10-20 08:00:00+00:00,2023-10-20 16:00:00+00:00,LONG,-3.916,8,0.00971,0.04,-0.03029,REVERT
SOL-USDT-PERP,2023-10-22 16:00:00+00:00,2023-10-23 08:00:00+00:00,SHORT,1.38,16,0.00012,0.04,-0.03988,REVERT
SOL-USDT-PERP,2023-10-23 16:00:00+00:00,2023-10-24 16:00:00+00:00,SHORT,1.368,24,0.02107,0.04,-0.01893,TIMEOUT
SOL-USDT-PERP,2023-10-24 16:00:00+00:00,2023-10-25 17:00:00+00:00,SHORT,1.327,24,0.03,0.04,-0.01,TIMEOUT
SOL-USDT-PERP,2023-10-25 17:00:00+00:00,2023-10-26 17:00:00+00:00,SHORT,1.255,24,0.03,0.04,-0.01,TIMEOUT
SOL-USDT-PERP,2023-10-31 00:00:00+00:00,2023-11-01 00:00:00+00:00,SHORT,2.104,24,0.03,0.04,-0.01,TIMEOUT
SOL-USDT-PERP,2023-11-01 16:00:00+00:00,2023-11-02 00:00:00+00:00,LONG,-2.207,8,-0.01,0.04,-0.05,REVERT
SOL-USDT-PERP,2023-11-07 16:00:00+00:00,2023-11-08 16:00:00+00:00,SHORT,1.737,24,0.04886,0.04,0.00886,TIMEOUT
SOL-USDT-PERP,2023-11-09 16:00:00+00:00,2023-11-10 00:00:00+00:00,SHORT,3.008,8,0.01,0.04,-0.03,REVERT
SOL-USDT-PERP,2023-11-10 08:00:00+00:00,2023-11-11 08:00:00+00:00,SHORT,2.398,23,0.08546,0.04,0.04546,REVERT
SOL-USDT-PERP,2023-11-11 16:00:00+00:00,2023-11-12 16:00:00+00:00,SHORT,2.792,24,0.13311,0.04,0.09311,TIMEOUT
SOL-USDT-PERP,2023-11-12 16:00:00+00:00,2023-11-13 16:00:00+00:00,SHORT,1.29,24,0.09703,0.04,0.05703,REVERT
SOL-USDT-PERP,2023-11-14 00:00:00+00:00,2023-11-14 08:00:00+00:00,SHORT,3.081,8,0.01232,0.04,-0.02768,REVERT
SOL-USDT-PERP,2023-12-02 08:00:00+00:00,2023-12-03 00:00:00+00:00,SHORT,2.388,16,0.04629,0.04,0.00629,REVERT
SOL-USDT-PERP,2023-12-04 08:00:00+00:00,2023-12-04 16:00:00+00:00,SHORT,2.459,8,0.01167,0.04,-0.02833,REVERT
SOL-USDT-PERP,2023-12-06 00:00:00+00:00,2023-12-06 16:00:00+00:00,SHORT,1.558,16,0.05069,0.04,0.01069,REVERT
SOL-USDT-PERP,2023-12-07 16:00:00+00:00,2023-12-08 08:00:00+00:00,SHORT,1.298,16,0.06076,0.04,0.02076,REVERT
SOL-USDT-PERP,2023-12-09 00:00:00+00:00,2023-12-10 00:00:00+00:00,SHORT,1.374,24,0.1176,0.04,0.0776,TIMEOUT
SOL-USDT-PERP,2023-12-10 00:00:00+00:00,2023-12-11 00:00:00+00:00,SHORT,1.889,24,0.10125,0.04,0.06125,TIMEOUT
SOL-USDT-PERP,2023-12-15 00:00:00+00:00,2023-12-16 00:00:00+00:00,SHORT,2.559,24,0.10465,0.04,0.06465,REVERT
SOL-USDT-PERP,2023-12-22 00:00:00+00:00,2023-12-23 00:00:00+00:00,SHORT,2.257,23,0.08063,0.04,0.04063,REVERT
SOL-USDT-PERP,2023-12-25 16:00:00+00:00,2023-12-26 16:00:00+00:00,SHORT,3.315,24,0.10883,0.04,0.06883,REVERT
SOL-USDT-PERP,2023-12-27 08:00:00+00:00,2023-12-28 08:00:00+00:00,SHORT,1.357,24,0.22014,0.04,0.18014,TIMEOUT
SOL-USDT-PERP,2023-12-28 08:00:00+00:00,2023-12-29 08:00:00+00:00,SHORT,3.026,24,0.16979,0.04,0.12979,REVERT
SOL-USDT-PERP,2023-12-29 16:00:00+00:00,2023-12-30 08:00:00+00:00,SHORT,1.486,16,0.06278,0.04,0.02278,REVERT
SOL-USDT-PERP,2023-12-31 16:00:00+00:00,2024-01-01 16:00:00+00:00,SHORT,1.732,24,0.14889,0.04,0.10889,TIMEOUT
SOL-USDT-PERP,2024-01-01 16:00:00+00:00,2024-01-02 16:00:00+00:00,SHORT,1.805,24,0.22496,0.04,0.18496,TIMEOUT
SOL-USDT-PERP,2024-01-02 16:00:00+00:00,2024-01-03 16:00:00+00:00,SHORT,3.177,24,0.12382,0.04,0.08382,REVERT
SOL-USDT-PERP,2024-02-13 08:00:00+00:00,2024-02-13 16:00:00+00:00,SHORT,21.585,8,0.01013,0.04,-0.02987,REVERT
SOL-USDT-PERP,2024-02-14 16:00:00+00:00,2024-02-15 00:00:00+00:00,SHORT,6.63,8,0.01,0.04,-0.03,REVERT
SOL-USDT-PERP,2024-02-15 16:00:00+00:00,2024-02-16 00:00:00+00:00,SHORT,1.836,8,0.01,0.04,-0.03,REVERT
SOL-USDT-PERP,2024-02-16 08:00:00+00:00,2024-02-16 16:00:00+00:00,SHORT,7.128,8,0.01,0.04,-0.03,REVERT
SOL-USDT-PERP,2024-02-17 00:00:00+00:00,2024-02-17 16:00:00+00:00,SHORT,2.039,16,0.03073,0.04,-0.00927,REVERT
SOL-USDT-PERP,2024-02-19 08:00:00+00:00,2024-02-20 08:00:00+00:00,SHORT,3.026,24,0.10245,0.04,0.06245,TIMEOUT
SOL-USDT-PERP,2024-02-20 08:00:00+00:00,2024-02-21 00:00:00+00:00,SHORT,3.826,16,0.02992,0.04,-0.01008,REVERT
SOL-USDT-PERP,2024-02-24 08:00:00+00:00,2024-02-25 08:00:00+00:00,SHORT,1.799,24,0.10807,0.04,0.06807,TIMEOUT
SOL-USDT-PERP,2024-02-25 08:00:00+00:00,2024-02-26 08:00:00+00:00,SHORT,3.996,24,0.15954,0.04,0.11954,TIMEOUT
SOL-USDT-PERP,2024-02-26 08:00:00+00:00,2024-02-27 08:00:00+00:00,SHORT,3.914,24,0.17679,0.04,0.13679,TIMEOUT
SOL-USDT-PERP,2024-02-27 08:00:00+00:00,2024-02-28 09:00:00+00:00,SHORT,5.455,24,0.15352,0.04,0.11352,TIMEOUT
SOL-USDT-PERP,2024-02-28 09:00:00+00:00,2024-02-29 09:00:00+00:00,SHORT,2.615,24,0.25356,0.04,0.21356,TIMEOUT
SOL-USDT-PERP,2024-02-29 09:00:00+00:00,2024-03-01 09:00:00+00:00,SHORT,4.559,24,0.1833,0.04,0.1433,TIMEOUT
SOL-USDT-PERP,2024-03-01 09:00:00+00:00,2024-03-02 09:00:00+00:00,SHORT,1.38,24,0.13905,0.04,0.09905,TIMEOUT
SOL-USDT-PERP,2024-03-02 16:00:00+00:00,2024-03-03 16:00:00+00:00,SHORT,1.706,24,0.21945,0.04,0.17945,TIMEOUT
SOL-USDT-PERP,2024-03-03 16:00:00+00:00,2024-03-04 16:00:00+00:00,SHORT,1.57,24,0.22023,0.04,0.18023,TIMEOUT
SOL-USDT-PERP,2024-03-04 16:00:00+00:00,2024-03-05 16:00:00+00:00,SHORT,2.297,24,0.28946,0.04,0.24946,TIMEOUT
SOL-USDT-PERP,2024-03-05 16:00:00+00:00,2024-03-06 00:00:00+00:00,SHORT,4.228,8,0.01,0.04,-0.03,REVERT
SOL-USDT-PERP,2024-03-07 16:00:00+00:00,2024-03-08 16:00:00+00:00,SHORT,2.324,24,0.23263,0.04,0.19263,TIMEOUT
SOL-USDT-PERP,2024-03-10 08:00:00+00:00,2024-03-10 16:00:00+00:00,SHORT,1.784,8,0.04405,0.04,0.00405,REVERT
SOL-USDT-PERP,2024-03-11 16:00:00+00:00,2024-03-12 16:00:00+00:00,SHORT,1.296,24,0.21573,0.04,0.17573,TIMEOUT
SOL-USDT-PERP,2024-03-13 08:00:00+00:00,2024-03-14 00:00:00+00:00,SHORT,1.748,16,0.14281,0.04,0.10281,REVERT
SOL-USDT-PERP,2024-03-15 00:00:00+00:00,2024-03-15 08:00:00+00:00,SHORT,1.473,7,0.03007,0.04,-0.00993,REVERT
SOL-USDT-PERP,2024-03-16 08:00:00+00:00,2024-03-17 08:00:00+00:00,LONG,-1.215,24,-0.03,0.04,-0.07,TIMEOUT
SOL-USDT-PERP,2024-03-17 08:00:00+00:00,2024-03-18 08:00:00+00:00,LONG,-1.211,24,-0.05787,0.04,-0.09787,REVERT
SOL-USDT-PERP,2024-03-19 00:00:00+00:00,2024-03-20 00:00:00+00:00,LONG,-1.217,24,-0.03,0.04,-0.07,TIMEOUT
SOL-USDT-PERP,2024-03-20 00:00:00+00:00,2024-03-21 00:00:00+00:00,LONG,-1.217,24,-0.03,0.04,-0.07,TIMEOUT
SOL-USDT-PERP,2024-03-29 00:00:00+00:00,2024-03-29 08:00:00+00:00,SHORT,1.316,8,0.05478,0.04,0.01478,REVERT
SOL-USDT-PERP,2024-04-01 00:00:00+00:00,2024-04-01 08:00:00+00:00,SHORT,1.423,8,0.05676,0.04,0.01676,REVERT
SOL-USDT-PERP,2024-04-18 08:00:00+00:00,2024-04-19 08:00:00+00:00,LONG,-1.927,24,-0.01585,0.04,-0.05585,TIMEOUT
SOL-USDT-PERP,2024-04-22 16:00:00+00:00,2024-04-23 16:00:00+00:00,LONG,-1.545,24,-0.02683,0.04,-0.06683,REVERT
SOL-USDT-PERP,2024-05-22 16:00:00+00:00,2024-05-23 16:00:00+00:00,SHORT,1.602,24,0.07827,0.04,0.03827,TIMEOUT
SOL-USDT-PERP,2024-05-23 16:00:00+00:00,2024-05-24 00:00:00+00:00,SHORT,1.939,8,0.01,0.04,-0.03,REVERT
SOL-USDT-PERP,2024-05-27 00:00:00+00:00,2024-05-27 08:00:00+00:00,SHORT,2.376,8,0.01,0.04,-0.03,REVERT
SOL-USDT-PERP,2024-05-28 16:00:00+00:00,2024-05-29 16:00:00+00:00,SHORT,1.903,23,0.04627,0.04,0.00627,REVERT
SOL-USDT-PERP,2024-06-02 00:00:00+00:00,2024-06-02 08:00:00+00:00,SHORT,1.274,8,0.01197,0.04,-0.02803,REVERT
SOL-USDT-PERP,2024-06-03 08:00:00+00:00,2024-06-03 16:00:00+00:00,SHORT,1.774,8,0.01,0.04,-0.03,REVERT
SOL-USDT-PERP,2024-06-04 08:00:00+00:00,2024-06-05 08:00:00+00:00,SHORT,1.83,24,0.041,0.04,0.001,REVERT
SOL-USDT-PERP,2024-06-06 16:00:00+00:00,2024-06-07 00:00:00+00:00,SHORT,1.797,7,0.01,0.04,-0.03,REVERT
SOL-USDT-PERP,2024-06-16 00:00:00+00:00,2024-06-17 00:00:00+00:00,LONG,-3.764,24,-0.00809,0.04,-0.04809,TIMEOUT
SOL-USDT-PERP,2024-06-24 08:00:00+00:00,2024-06-24 16:00:00+00:00,LONG,-3.658,8,-0.00529,0.04,-0.04529,REVERT
SOL-USDT-PERP,2024-07-05 00:00:00+00:00,2024-07-05 08:00:00+00:00,LONG,-3.516,8,-0.00568,0.04,-0.04568,REVERT
SOL-USDT-PERP,2024-07-05 16:00:00+00:00,2024-07-06 08:00:00+00:00,LONG,-2.684,16,0.0002,0.04,-0.0398,REVERT
SOL-USDT-PERP,2024-07-08 08:00:00+00:00,2024-07-08 16:00:00+00:00,LONG,-1.997,8,-0.01,0.04,-0.05,REVERT
SOL-USDT-PERP,2024-07-11 16:00:00+00:00,2024-07-12 16:00:00+00:00,LONG,-1.933,24,0.02198,0.04,-0.01802,REVERT
SOL-USDT-PERP,2024-07-13 00:00:00+00:00,2024-07-13 08:00:00+00:00,LONG,-1.893,8,-0.00564,0.04,-0.04564,REVERT
SOL-USDT-PERP,2024-08-05 08:00:00+00:00,2024-08-06 08:00:00+00:00,LONG,-4.471,24,0.06565,0.04,0.02565,TIMEOUT
SOL-USDT-PERP,2024-08-06 08:00:00+00:00,2024-08-07 08:00:00+00:00,LONG,-4.374,24,0.01048,0.04,-0.02952,REVERT
SOL-USDT-PERP,2024-08-13 00:00:00+00:00,2024-08-13 08:00:00+00:00,LONG,-3.557,8,0.0,0.04,-0.04,REVERT
SOL-USDT-PERP,2024-08-14 00:00:00+00:00,2024-08-14 16:00:00+00:00,LONG,-1.617,16,0.00886,0.04,-0.03114,REVERT
SOL-USDT-PERP,2024-08-16 16:00:00+00:00,2024-08-17 00:00:00+00:00,LONG,-2.049,8,-0.0001,0.04,-0.0401,REVERT
SOL-USDT-PERP,2024-08-17 08:00:00+00:00,2024-08-18 00:00:00+00:00,LONG,-2.81,16,-0.00652,0.04,-0.04652,REVERT
SOL-USDT-PERP,2024-08-21 16:00:00+00:00,2024-08-22 00:00:00+00:00,LONG,-1.98,8,-0.00387,0.04,-0.04387,REVERT
SOL-USDT-PERP,2024-08-30 08:00:00+00:00,2024-08-31 08:00:00+00:00,LONG,-1.651,24,0.02564,0.04,-0.01436,REVERT
DOGE-USDT-PERP,2022-10-28 16:00:00+00:00,2022-10-29 17:00:00+00:00,LONG,-23.957,24,0.02456,0.04,-0.01544,TIMEOUT
DOGE-USDT-PERP,2022-11-09 00:00:00+00:00,2022-11-09 16:00:00+00:00,LONG,-8.905,16,-0.01022,0.04,-0.05022,REVERT
DOGE-USDT-PERP,2022-11-29 08:00:00+00:00,2022-11-29 16:00:00+00:00,LONG,-24.369,8,-0.01,0.04,-0.05,REVERT
DOGE-USDT-PERP,2023-01-14 08:00:00+00:00,2023-01-14 16:00:00+00:00,SHORT,9.067,8,0.01,0.04,-0.03,REVERT
DOGE-USDT-PERP,2023-01-16 00:00:00+00:00,2023-01-16 08:00:00+00:00,SHORT,2.768,8,0.01085,0.04,-0.02915,REVERT
DOGE-USDT-PERP,2023-01-23 16:00:00+00:00,2023-01-24 00:00:00+00:00,SHORT,2.135,8,0.01,0.04,-0.03,REVERT
DOGE-USDT-PERP,2023-01-24 08:00:00+00:00,2023-01-24 16:00:00+00:00,SHORT,4.435,8,0.01,0.04,-0.03,REVERT
DOGE-USDT-PERP,2023-02-02 08:00:00+00:00,2023-02-03 00:00:00+00:00,SHORT,4.044,16,0.02784,0.04,-0.01216,REVERT
DOGE-USDT-PERP,2023-02-03 16:00:00+00:00,2023-02-04 00:00:00+00:00,SHORT,3.22,8,0.01,0.04,-0.03,REVERT
DOGE-USDT-PERP,2023-02-04 08:00:00+00:00,2023-02-05 08:00:00+00:00,SHORT,3.136,24,0.06074,0.04,0.02074,REVERT
DOGE-USDT-PERP,2023-03-10 00:00:00+00:00,2023-03-11 00:00:00+00:00,LONG,-10.605,24,-0.00187,0.04,-0.04187,REVERT
DOGE-USDT-PERP,2023-04-14 08:00:00+00:00,2023-04-14 16:00:00+00:00,SHORT,4.448,8,0.01,0.04,-0.03,REVERT
DOGE-USDT-PERP,2023-04-18 16:00:00+00:00,2023-04-19 00:00:00+00:00,SHORT,7.896,8,0.01,0.04,-0.03,REVERT
DOGE-USDT-PERP,2023-05-09 00:00:00+00:00,2023-05-10 00:00:00+00:00,LONG,-5.415,24,0.00535,0.04,-0.03466,REVERT
DOGE-USDT-PERP,2023-06-10 08:00:00+00:00,2023-06-11 08:00:00+00:00,LONG,-6.668,24,0.04809,0.04,0.00809,TIMEOUT
DOGE-USDT-PERP,2023-06-12 08:00:00+00:00,2023-06-13 09:00:00+00:00,LONG,-2.188,24,-0.00096,0.04,-0.04096,TIMEOUT
DOGE-USDT-PERP,2023-06-27 00:00:00+00:00,2023-06-27 16:00:00+00:00,LONG,-2.906,16,-0.00184,0.04,-0.04184,REVERT
DOGE-USDT-PERP,2023-06-29 00:00:00+00:00,2023-06-30 00:00:00+00:00,LONG,-4.271,23,0.00669,0.04,-0.03331,REVERT
DOGE-USDT-PERP,2023-07-06 00:00:00+00:00,2023-07-06 08:00:00+00:00,LONG,-2.204,8,0.00023,0.04,-0.03977,REVERT
DOGE-USDT-PERP,2023-07-08 00:00:00+00:00,2023-07-09 00:00:00+00:00,LONG,-2.544,24,0.0208,0.04,-0.0192,TIMEOUT
DOGE-USDT-PERP,2023-08-22 08:00:00+00:00,2023-08-22 16:00:00+00:00,LONG,-7.38,8,-0.00656,0.04,-0.04656,REVERT
DOGE-USDT-PERP,2023-09-04 00:00:00+00:00,2023-09-05 01:00:00+00:00,LONG,-3.116,24,0.01109,0.04,-0.02891,TIMEOUT
DOGE-USDT-PERP,2023-09-08 16:00:00+00:00,2023-09-09 08:00:00+00:00,LONG,-3.149,16,-0.00428,0.04,-0.04428,REVERT
DOGE-USDT-PERP,2023-09-10 16:00:00+00:00,2023-09-11 16:00:00+00:00,LONG,-2.627,24,0.00263,0.04,-0.03737,REVERT
DOGE-USDT-PERP,2023-09-16 16:00:00+00:00,2023-09-17 16:00:00+00:00,LONG,-2.594,24,-0.00145,0.04,-0.04145,REVERT
DOGE-USDT-PERP,2023-09-24 00:00:00+00:00,2023-09-24 08:00:00+00:00,LONG,-2.576,8,-0.00334,0.04,-0.04334,REVERT
DOGE-USDT-PERP,2023-10-09 16:00:00+00:00,2023-10-10 16:00:00+00:00,LONG,-2.127,24,0.03794,0.04,-0.00206,TIMEOUT
DOGE-USDT-PERP,2023-10-11 00:00:00+00:00,2023-10-11 16:00:00+00:00,LONG,-2.262,16,-0.00461,0.04,-0.04461,REVERT
DOGE-USDT-PERP,2023-10-12 08:00:00+00:00,2023-10-12 16:00:00+00:00,LONG,-2.878,8,-0.00272,0.04,-0.04272,REVERT
DOGE-USDT-PERP,2023-10-26 00:00:00+00:00,2023-10-27 00:00:00+00:00,SHORT,1.738,24,0.03938,0.04,-0.00062,TIMEOUT
DOGE-USDT-PERP,2023-10-29 00:00:00+00:00,2023-10-30 00:00:00+00:00,SHORT,1.274,24,0.05496,0.04,0.01496,TIMEOUT
DOGE-USDT-PERP,2023-10-30 16:00:00+00:00,2023-10-31 16:00:00+00:00,SHORT,2.218,24,0.0487,0.04,0.0087,REVERT
DOGE-USDT-PERP,2023-11-02 00:00:00+00:00,2023-11-03 00:00:00+00:00,SHORT,2.431,23,0.05878,0.04,0.01878,REVERT
DOGE-USDT-PERP,2023-11-04 08:00:00+00:00,2023-11-05 08:00:00+00:00,SHORT,2.624,24,0.07687,0.04,0.03687,TIMEOUT
DOGE-USDT-PERP,2023-11-05 08:00:00+00:00,2023-11-06 08:00:00+00:00,SHORT,2.164,24,0.08148,0.04,0.04148,TIMEOUT
DOGE-USDT-PERP,2023-11-06 08:00:00+00:00,2023-11-07 08:00:00+00:00,SHORT,1.637,24,0.10782,0.04,0.06782,TIMEOUT
DOGE-USDT-PERP,2023-11-07 08:00:00+00:00,2023-11-07 16:00:00+00:00,SHORT,1.341,8,0.01146,0.04,-0.02854,REVERT
DOGE-USDT-PERP,2023-11-08 16:00:00+00:00,2023-11-09 16:00:00+00:00,SHORT,1.839,24,0.08068,0.04,0.04068,TIMEOUT
DOGE-USDT-PERP,2023-11-09 16:00:00+00:00,2023-11-10 00:00:00+00:00,SHORT,1.957,8,0.01,0.04,-0.03,REVERT
DOGE-USDT-PERP,2023-11-10 08:00:00+00:00,2023-11-11 00:00:00+00:00,SHORT,1.467,15,0.0424,0.04,0.0024,REVERT
DOGE-USDT-PERP,2023-11-11 16:00:00+00:00,2023-11-12 16:00:00+00:00,SHORT,4.589,24,0.09477,0.04,0.05477,TIMEOUT
DOGE-USDT-PERP,2023-11-12 16:00:00+00:00,2023-11-13 16:00:00+00:00,SHORT,2.005,24,0.06559,0.04,0.02559,REVERT
DOGE-USDT-PERP,2023-11-16 08:00:00+00:00,2023-11-17 00:00:00+00:00,SHORT,1.639,16,0.04896,0.04,0.00896,REVERT
DOGE-USDT-PERP,2023-12-03 08:00:00+00:00,2023-12-03 16:00:00+00:00,SHORT,3.015,8,0.01332,0.04,-0.02668,REVERT
DOGE-USDT-PERP,2023-12-04 08:00:00+00:00,2023-12-05 08:00:00+00:00,SHORT,4.383,24,0.09495,0.04,0.05495,TIMEOUT
DOGE-USDT-PERP,2023-12-06 00:00:00+00:00,2023-12-07 00:00:00+00:00,SHORT,3.275,24,0.09152,0.04,0.05152,REVERT
DOGE-USDT-PERP,2023-12-08 00:00:00+00:00,2023-12-09 00:00:00+00:00,SHORT,1.23,24,0.10951,0.04,0.06951,TIMEOUT
DOGE-USDT-PERP,2023-12-09 00:00:00+00:00,2023-12-10 00:00:00+00:00,SHORT,1.689,24,0.17272,0.04,0.13272,TIMEOUT
DOGE-USDT-PERP,2023-12-10 08:00:00+00:00,2023-12-11 08:00:00+00:00,SHORT,1.69,24,0.09019,0.04,0.05019,REVERT
DOGE-USDT-PERP,2023-12-21 00:00:00+00:00,2023-12-22 00:00:00+00:00,SHORT,1.235,24,0.11408,0.04,0.07408,TIMEOUT
DOGE-USDT-PERP,2023-12-22 00:00:00+00:00,2023-12-23 01:00:00+00:00,SHORT,2.047,24,0.15986,0.04,0.11986,TIMEOUT
DOGE-USDT-PERP,2023-12-23 01:00:00+00:00,2023-12-23 08:00:00+00:00,SHORT,2.107,7,0.01655,0.04,-0.02345,REVERT
DOGE-USDT-PERP,2023-12-24 08:00:00+00:00,2023-12-25 00:00:00+00:00,SHORT,1.418,16,0.06376,0.04,0.02376,REVERT
DOGE-USDT-PERP,2023-12-25 16:00:00+00:00,2023-12-26 16:00:00+00:00,SHORT,2.054,24,0.15418,0.04,0.11418,TIMEOUT
DOGE-USDT-PERP,2023-12-26 16:00:00+00:00,2023-12-27 00:00:00+00:00,SHORT,1.335,8,0.01261,0.04,-0.02739,REVERT
DOGE-USDT-PERP,2023-12-27 16:00:00+00:00,2023-12-28 16:00:00+00:00,SHORT,1.853,24,0.19966,0.04,0.15966,TIMEOUT
DOGE-USDT-PERP,2023-12-28 16:00:00+00:00,2023-12-29 11:00:00+00:00,SHORT,1.913,19,0.07455,0.04,0.03455,REVERT
DOGE-USDT-PERP,2023-12-29 16:00:00+00:00,2023-12-30 00:00:00+00:00,SHORT,1.696,8,0.0256,0.04,-0.0144,REVERT
DOGE-USDT-PERP,2024-01-02 08:00:00+00:00,2024-01-03 00:00:00+00:00,SHORT,2.294,16,0.11155,0.04,0.07155,REVERT
DOGE-USDT-PERP,2024-02-13 08:00:00+00:00,2024-02-14 08:00:00+00:00,SHORT,12.806,24,0.04587,0.04,0.00587,REVERT
DOGE-USDT-PERP,2024-02-14 16:00:00+00:00,2024-02-15 16:00:00+00:00,SHORT,7.876,24,0.08976,0.04,0.04976,TIMEOUT
DOGE-USDT-PERP,2024-02-15 16:00:00+00:00,2024-02-16 16:00:00+00:00,SHORT,4.688,24,0.0699,0.04,0.0299,REVERT
DOGE-USDT-PERP,2024-02-17 08:00:00+00:00,2024-02-17 16:00:00+00:00,SHORT,1.657,8,0.01083,0.04,-0.02917,REVERT
DOGE-USDT-PERP,2024-02-18 08:00:00+00:00,2024-02-19 09:00:00+00:00,SHORT,1.961,24,0.05736,0.04,0.01736,TIMEOUT
DOGE-USDT-PERP,2024-02-19 09:00:00+00:00,2024-02-20 09:00:00+00:00,SHORT,5.26,24,0.08609,0.04,0.04609,TIMEOUT
DOGE-USDT-PERP,2024-02-20 09:00:00+00:00,2024-02-20 16:00:00+00:00,SHORT,3.766,7,0.0115,0.04,-0.0285,REVERT
DOGE-USDT-PERP,2024-02-24 08:00:00+00:00,2024-02-25 08:00:00+00:00,SHORT,1.795,24,0.07043,0.04,0.03043,TIMEOUT
DOGE-USDT-PERP,2024-02-25 16:00:00+00:00,2024-02-26 16:00:00+00:00,SHORT,1.328,24,0.09616,0.04,0.05616,TIMEOUT
DOGE-USDT-PERP,2024-02-26 16:00:00+00:00,2024-02-27 17:00:00+00:00,SHORT,2.46,24,0.16355,0.04,0.12355,TIMEOUT
DOGE-USDT-PERP,2024-02-27 17:00:00+00:00,2024-02-28 17:00:00+00:00,SHORT,4.57,24,0.14692,0.04,0.10692,TIMEOUT
DOGE-USDT-PERP,2024-02-28 17:00:00+00:00,2024-02-29 17:00:00+00:00,SHORT,3.955,24,0.33474,0.04,0.29474,TIMEOUT
DOGE-USDT-PERP,2024-02-29 17:00:00+00:00,2024-03-01 17:00:00+00:00,SHORT,5.067,24,0.18196,0.04,0.14196,TIMEOUT
DOGE-USDT-PERP,2024-03-01 17:00:00+00:00,2024-03-02 17:00:00+00:00,SHORT,1.657,24,0.31475,0.04,0.27474,TIMEOUT
DOGE-USDT-PERP,2024-03-02 17:00:00+00:00,2024-03-03 17:00:00+00:00,SHORT,3.162,24,0.29523,0.04,0.25523,TIMEOUT
DOGE-USDT-PERP,2024-03-03 17:00:00+00:00,2024-03-04 17:00:00+00:00,SHORT,1.274,24,0.47749,0.04,0.43749,TIMEOUT
DOGE-USDT-PERP,2024-03-04 17:00:00+00:00,2024-03-05 17:00:00+00:00,SHORT,1.977,24,0.41998,0.04,0.37998,TIMEOUT
DOGE-USDT-PERP,2024-03-05 17:00:00+00:00,2024-03-06 00:00:00+00:00,SHORT,2.169,7,0.01,0.04,-0.03,REVERT
DOGE-USDT-PERP,2024-03-10 00:00:00+00:00,2024-03-10 16:00:00+00:00,SHORT,1.265,16,0.11452,0.04,0.07452,REVERT
DOGE-USDT-PERP,2024-03-14 08:00:00+00:00,2024-03-15 00:00:00+00:00,SHORT,2.021,16,0.12812,0.04,0.08812,REVERT
DOGE-USDT-PERP,2024-04-01 00:00:00+00:00,2024-04-01 08:00:00+00:00,SHORT,1.362,8,0.02123,0.04,-0.01877,REVERT
DOGE-USDT-PERP,2024-05-21 16:00:00+00:00,2024-05-22 16:00:00+00:00,SHORT,1.644,24,0.03362,0.04,-0.00638,TIMEOUT
DOGE-USDT-PERP,2024-05-23 08:00:00+00:00,2024-05-24 08:00:00+00:00,SHORT,2.125,24,0.03,0.04,-0.01,TIMEOUT
DOGE-USDT-PERP,2024-05-26 00:00:00+00:00,2024-05-27 00:00:00+00:00,SHORT,1.707,24,0.03,0.04,-0.01,TIMEOUT
DOGE-USDT-PERP,2024-05-27 16:00:00+00:00,2024-05-28 01:00:00+00:00,SHORT,1.223,9,0.01,0.04,-0.03,REVERT
DOGE-USDT-PERP,2024-05-29 08:00:00+00:00,2024-05-29 16:00:00+00:00,SHORT,4.553,7,0.01,0.04,-0.03,REVERT
DOGE-USDT-PERP,2024-06-03 08:00:00+00:00,2024-06-03 16:00:00+00:00,SHORT,2.166,8,0.01,0.04,-0.03,REVERT
DOGE-USDT-PERP,2024-06-05 00:00:00+00:00,2024-06-06 00:00:00+00:00,SHORT,1.468,24,0.05902,0.04,0.01902,TIMEOUT
DOGE-USDT-PERP,2024-06-06 00:00:00+00:00,2024-06-07 00:00:00+00:00,SHORT,2.164,23,0.05423,0.04,0.01423,REVERT
DOGE-USDT-PERP,2024-06-07 16:00:00+00:00,2024-06-08 00:00:00+00:00,SHORT,1.875,8,0.01,0.04,-0.03,REVERT
DOGE-USDT-PERP,2024-07-05 08:00:00+00:00,2024-07-06 08:00:00+00:00,LONG,-2.884,24,0.0558,0.04,0.0158,TIMEOUT
DOGE-USDT-PERP,2024-08-20 16:00:00+00:00,2024-08-21 08:00:00+00:00,SHORT,1.203,15,0.01313,0.04,-0.02687,REVERT
DOGE-USDT-PERP,2024-08-22 00:00:00+00:00,2024-08-22 08:00:00+00:00,SHORT,1.229,8,0.00552,0.04,-0.03448,REVERT
DOGE-USDT-PERP,2024-08-24 00:00:00+00:00,2024-08-24 08:00:00+00:00,SHORT,1.267,8,-0.00252,0.04,-0.04252,REVERT
DOGE-USDT-PERP,2024-08-28 00:00:00+00:00,2024-08-28 08:00:00+00:00,LONG,-3.828,8,-0.00041,0.04,-0.04041,REVERT
ARB-USDT-PERP,2022-09-16 11:00:00+00:00,2022-09-17 06:00:00+00:00,LONG,-1.319,19,0.16489,0.04,0.12489,REVERT
ARB-USDT-PERP,2022-09-20 11:00:00+00:00,2022-09-21 11:00:00+00:00,LONG,-1.224,24,0.2868,0.04,0.2468,TIMEOUT
ARB-USDT-PERP,2022-09-21 11:00:00+00:00,2022-09-22 11:00:00+00:00,LONG,-1.867,24,0.42306,0.04,0.38306,TIMEOUT
ARB-USDT-PERP,2022-09-22 11:00:00+00:00,2022-09-23 11:00:00+00:00,LONG,-2.153,24,0.4391,0.04,0.3991,TIMEOUT
ARB-USDT-PERP,2022-09-23 11:00:00+00:00,2022-09-24 11:00:00+00:00,LONG,-1.642,24,0.38952,0.04,0.34952,TIMEOUT
ARB-USDT-PERP,2022-09-24 11:00:00+00:00,2022-09-25 11:00:00+00:00,LONG,-1.698,24,0.42893,0.04,0.38893,TIMEOUT
ARB-USDT-PERP,2022-09-25 11:00:00+00:00,2022-09-26 11:00:00+00:00,LONG,-1.663,24,0.42741,0.04,0.38741,TIMEOUT
ARB-USDT-PERP,2022-09-26 11:00:00+00:00,2022-09-27 11:00:00+00:00,LONG,-1.444,24,0.40142,0.04,0.36142,TIMEOUT
ARB-USDT-PERP,2022-10-04 11:00:00+00:00,2022-10-05 11:00:00+00:00,LONG,-1.236,24,0.39773,0.04,0.35773,TIMEOUT
ARB-USDT-PERP,2022-10-08 14:00:00+00:00,2022-10-09 14:00:00+00:00,LONG,-1.234,24,0.42415,0.04,0.38415,TIMEOUT
ARB-USDT-PERP,2022-10-09 14:00:00+00:00,2022-10-10 07:00:00+00:00,LONG,-1.489,17,0.28396,0.04,0.24396,REVERT
ARB-USDT-PERP,2022-10-10 19:00:00+00:00,2022-10-11 10:00:00+00:00,LONG,-1.234,15,0.25427,0.04,0.21427,REVERT
ARB-USDT-PERP,2022-10-11 16:00:00+00:00,2022-10-12 16:00:00+00:00,LONG,-1.444,24,0.43776,0.04,0.39776,TIMEOUT
ARB-USDT-PERP,2022-10-12 16:00:00+00:00,2022-10-13 16:00:00+00:00,LONG,-1.354,24,0.43615,0.04,0.39615,TIMEOUT
ARB-USDT-PERP,2022-10-13 16:00:00+00:00,2022-10-14 16:00:00+00:00,LONG,-1.276,24,0.42664,0.04,0.38664,TIMEOUT
ARB-USDT-PERP,2022-10-15 23:00:00+00:00,2022-10-16 23:00:00+00:00,SHORT,1.238,24,-0.23306,0.04,-0.27306,TIMEOUT
ARB-USDT-PERP,2022-10-17 23:00:00+00:00,2022-10-18 05:00:00+00:00,SHORT,1.242,6,-0.08438,0.04,-0.12438,REVERT
ARB-USDT-PERP,2022-10-19 08:00:00+00:00,2022-10-20 06:00:00+00:00,LONG,-1.232,22,0.29485,0.04,0.25485,REVERT
ARB-USDT-PERP,2022-10-23 07:00:00+00:00,2022-10-23 14:00:00+00:00,SHORT,1.426,7,-0.0857,0.04,-0.1257,REVERT
ARB-USDT-PERP,2022-10-24 10:00:00+00:00,2022-10-25 00:00:00+00:00,SHORT,1.232,14,-0.20304,0.04,-0.24304,REVERT
ARB-USDT-PERP,2022-10-25 06:00:00+00:00,2022-10-26 06:00:00+00:00,SHORT,1.334,24,-0.22107,0.04,-0.26107,TIMEOUT
ARB-USDT-PERP,2022-10-26 06:00:00+00:00,2022-10-27 06:00:00+00:00,SHORT,2.39,24,-0.15287,0.04,-0.19287,TIMEOUT
ARB-USDT-PERP,2022-10-27 06:00:00+00:00,2022-10-28 06:00:00+00:00,SHORT,1.909,24,-0.20152,0.04,-0.24152,TIMEOUT
ARB-USDT-PERP,2022-10-28 19:00:00+00:00,2022-10-29 19:00:00+00:00,SHORT,1.527,24,-0.24192,0.04,-0.28192,TIMEOUT
ARB-USDT-PERP,2022-11-02 23:00:00+00:00,2022-11-03 23:00:00+00:00,SHORT,1.207,24,-0.23302,0.04,-0.27302,TIMEOUT
ARB-USDT-PERP,2022-11-03 23:00:00+00:00,2022-11-04 23:00:00+00:00,SHORT,2.309,24,-0.12568,0.04,-0.16568,TIMEOUT
ARB-USDT-PERP,2022-11-04 23:00:00+00:00,2022-11-05 23:00:00+00:00,SHORT,2.282,24,-0.09608,0.04,-0.13608,TIMEOUT
ARB-USDT-PERP,2022-11-05 23:00:00+00:00,2022-11-06 23:00:00+00:00,SHORT,2.068,24,-0.05528,0.04,-0.09528,TIMEOUT
ARB-USDT-PERP,2022-11-07 00:00:00+00:00,2022-11-08 00:00:00+00:00,SHORT,2.995,24,0.04189,0.04,0.00189,TIMEOUT
ARB-USDT-PERP,2022-11-08 02:00:00+00:00,2022-11-09 02:00:00+00:00,SHORT,2.582,24,0.03006,0.04,-0.00994,TIMEOUT
ARB-USDT-PERP,2022-11-09 02:00:00+00:00,2022-11-10 02:00:00+00:00,SHORT,2.389,24,-0.0801,0.04,-0.1201,REVERT
ARB-USDT-PERP,2022-11-10 18:00:00+00:00,2022-11-11 18:00:00+00:00,SHORT,1.208,24,0.01452,0.04,-0.02548,TIMEOUT
ARB-USDT-PERP,2022-11-11 18:00:00+00:00,2022-11-12 18:00:00+00:00,SHORT,2.277,24,0.12495,0.04,0.08495,TIMEOUT
ARB-USDT-PERP,2022-11-12 18:00:00+00:00,2022-11-13 18:00:00+00:00,SHORT,2.313,24,0.23561,0.04,0.19561,TIMEOUT
ARB-USDT-PERP,2022-11-13 18:00:00+00:00,2022-11-14 18:00:00+00:00,SHORT,2.552,24,0.12242,0.04,0.08242,TIMEOUT
ARB-USDT-PERP,2022-11-14 18:00:00+00:00,2022-11-15 18:00:00+00:00,SHORT,1.509,24,0.10474,0.04,0.06474,TIMEOUT
ARB-USDT-PERP,2022-11-15 18:00:00+00:00,2022-11-16 18:00:00+00:00,SHORT,1.577,24,0.06361,0.04,0.02361,TIMEOUT
ARB-USDT-PERP,2022-11-16 19:00:00+00:00,2022-11-17 12:00:00+00:00,SHORT,1.249,17,-0.00847,0.04,-0.04847,REVERT
ARB-USDT-PERP,2022-11-19 16:00:00+00:00,2022-11-20 16:00:00+00:00,SHORT,1.239,24,0.11128,0.04,0.07128,TIMEOUT
ARB-USDT-PERP,2022-11-20 20:00:00+00:00,2022-11-21 20:00:00+00:00,SHORT,1.267,24,0.0695,0.04,0.0295,TIMEOUT
ARB-USDT-PERP,2022-12-01 14:00:00+00:00,2022-12-02 14:00:00+00:00,LONG,-1.355,24,0.19102,0.04,0.15102,TIMEOUT
ARB-USDT-PERP,2022-12-02 14:00:00+00:00,2022-12-03 14:00:00+00:00,LONG,-1.613,24,0.17783,0.04,0.13783,TIMEOUT
ARB-USDT-PERP,2022-12-06 05:00:00+00:00,2022-12-06 18:00:00+00:00,SHORT,1.251,13,0.04593,0.04,0.00593,REVERT
ARB-USDT-PERP,2022-12-07 06:00:00+00:00,2022-12-08 06:00:00+00:00,SHORT,1.37,24,0.15603,0.04,0.11603,TIMEOUT
ARB-USDT-PERP,2022-12-08 06:00:00+00:00,2022-12-09 06:00:00+00:00,SHORT,1.773,24,0.18833,0.04,0.14833,TIMEOUT
ARB-USDT-PERP,2022-12-09 06:00:00+00:00,2022-12-10 06:00:00+00:00,SHORT,1.627,24,0.16686,0.04,0.12686,TIMEOUT
ARB-USDT-PERP,2022-12-10 13:00:00+00:00,2022-12-10 21:00:00+00:00,SHORT,1.242,8,0.0522,0.04,0.0122,REVERT
ARB-USDT-PERP,2022-12-11 20:00:00+00:00,2022-12-12 20:00:00+00:00,SHORT,1.291,24,0.16001,0.04,0.12001,TIMEOUT
ARB-USDT-PERP,2022-12-12 20:00:00+00:00,2022-12-13 20:00:00+00:00,SHORT,1.748,24,0.28641,0.04,0.24641,TIMEOUT
ARB-USDT-PERP,2022-12-13 20:00:00+00:00,2022-12-14 20:00:00+00:00,SHORT,2.513,24,0.32243,0.04,0.28243,TIMEOUT
ARB-USDT-PERP,2022-12-14 20:00:00+00:00,2022-12-15 20:00:00+00:00,SHORT,2.72,24,0.41889,0.04,0.37889,TIMEOUT
ARB-USDT-PERP,2022-12-15 20:00:00+00:00,2022-12-16 20:00:00+00:00,SHORT,2.669,24,0.43337,0.04,0.39337,TIMEOUT
ARB-USDT-PERP,2022-12-16 20:00:00+00:00,2022-12-17 20:00:00+00:00,SHORT,2.491,24,0.4338,0.04,0.3938,TIMEOUT
ARB-USDT-PERP,2022-12-17 20:00:00+00:00,2022-12-18 20:00:00+00:00,SHORT,2.216,24,0.40843,0.04,0.36843,TIMEOUT
ARB-USDT-PERP,2022-12-18 20:00:00+00:00,2022-12-19 20:00:00+00:00,SHORT,1.633,24,0.35119,0.04,0.31119,TIMEOUT
ARB-USDT-PERP,2022-12-19 20:00:00+00:00,2022-12-20 20:00:00+00:00,SHORT,1.216,24,0.3104,0.04,0.2704,TIMEOUT
ARB-USDT-PERP,2022-12-20 20:00:00+00:00,2022-12-21 20:00:00+00:00,SHORT,1.224,24,0.33254,0.04,0.29254,TIMEOUT
ARB-USDT-PERP,2022-12-22 04:00:00+00:00,2022-12-23 04:00:00+00:00,SHORT,1.262,24,0.30016,0.04,0.26016,TIMEOUT
ARB-USDT-PERP,2023-01-13 21:00:00+00:00,2023-01-14 21:00:00+00:00,SHORT,1.348,24,0.38971,0.04,0.34971,TIMEOUT
ARB-USDT-PERP,2023-01-14 21:00:00+00:00,2023-01-15 21:00:00+00:00,SHORT,2.198,24,0.43574,0.04,0.39574,TIMEOUT
ARB-USDT-PERP,2023-01-15 21:00:00+00:00,2023-01-16 21:00:00+00:00,SHORT,1.607,24,0.42722,0.04,0.38722,TIMEOUT
ARB-USDT-PERP,2023-01-16 21:00:00+00:00,2023-01-17 21:00:00+00:00,SHORT,1.967,24,0.4065,0.04,0.3665,TIMEOUT
ARB-USDT-PERP,2023-01-17 21:00:00+00:00,2023-01-18 21:00:00+00:00,SHORT,1.827,24,0.44895,0.04,0.40895,TIMEOUT
ARB-USDT-PERP,2023-01-18 21:00:00+00:00,2023-01-19 21:00:00+00:00,SHORT,2.114,24,0.44735,0.04,0.40735,TIMEOUT
ARB-USDT-PERP,2023-01-19 21:00:00+00:00,2023-01-20 21:00:00+00:00,SHORT,1.479,24,0.38862,0.04,0.34862,TIMEOUT
ARB-USDT-PERP,2023-01-23 02:00:00+00:00,2023-01-23 19:00:00+00:00,LONG,-1.254,17,-0.11527,0.04,-0.15527,REVERT
ARB-USDT-PERP,2023-01-24 23:00:00+00:00,2023-01-25 23:00:00+00:00,LONG,-1.378,24,-0.15897,0.04,-0.19897,TIMEOUT
ARB-USDT-PERP,2023-01-25 23:00:00+00:00,2023-01-26 23:00:00+00:00,LONG,-1.609,24,-0.08504,0.04,-0.12504,TIMEOUT
ARB-USDT-PERP,2023-01-26 23:00:00+00:00,2023-01-27 23:00:00+00:00,LONG,-1.292,24,-0.11835,0.04,-0.15835,TIMEOUT
ARB-USDT-PERP,2023-01-27 23:00:00+00:00,2023-01-28 23:00:00+00:00,LONG,-1.566,24,-0.13516,0.04,-0.17516,TIMEOUT
ARB-USDT-PERP,2023-01-29 07:00:00+00:00,2023-01-30 07:00:00+00:00,LONG,-1.582,24,-0.07715,0.04,-0.11715,TIMEOUT
ARB-USDT-PERP,2023-01-30 07:00:00+00:00,2023-01-31 07:00:00+00:00,LONG,-1.259,24,-0.07946,0.04,-0.11946,TIMEOUT
ARB-USDT-PERP,2023-01-31 07:00:00+00:00,2023-02-01 07:00:00+00:00,LONG,-1.24,24,-0.08503,0.04,-0.12503,TIMEOUT
ARB-USDT-PERP,2023-02-01 07:00:00+00:00,2023-02-02 07:00:00+00:00,LONG,-1.478,24,-0.02753,0.04,-0.06753,TIMEOUT
ARB-USDT-PERP,2023-02-02 07:00:00+00:00,2023-02-03 07:00:00+00:00,LONG,-2.573,24,0.13161,0.04,0.09161,TIMEOUT
ARB-USDT-PERP,2023-02-03 07:00:00+00:00,2023-02-04 07:00:00+00:00,LONG,-2.8,24,0.16626,0.04,0.12626,TIMEOUT
ARB-USDT-PERP,2023-02-04 07:00:00+00:00,2023-02-05 07:00:00+00:00,LONG,-2.566,24,0.17634,0.04,0.13634,TIMEOUT
ARB-USDT-PERP,2023-02-05 07:00:00+00:00,2023-02-06 07:00:00+00:00,LONG,-1.945,24,0.14656,0.04,0.10656,TIMEOUT
ARB-USDT-PERP,2023-02-06 07:00:00+00:00,2023-02-07 07:00:00+00:00,LONG,-1.821,24,0.12251,0.04,0.08251,TIMEOUT
ARB-USDT-PERP,2023-02-07 07:00:00+00:00,2023-02-08 07:00:00+00:00,LONG,-1.873,24,0.18083,0.04,0.14083,TIMEOUT
ARB-USDT-PERP,2023-02-08 07:00:00+00:00,2023-02-09 07:00:00+00:00,LONG,-1.548,24,0.0822,0.04,0.0422,TIMEOUT
ARB-USDT-PERP,2023-02-10 06:00:00+00:00,2023-02-11 06:00:00+00:00,LONG,-1.273,24,0.12906,0.04,0.08906,TIMEOUT
ARB-USDT-PERP,2023-02-15 17:00:00+00:00,2023-02-16 17:00:00+00:00,LONG,-1.245,24,0.22472,0.04,0.18472,TIMEOUT
ARB-USDT-PERP,2023-02-16 17:00:00+00:00,2023-02-17 17:00:00+00:00,LONG,-1.619,24,0.31838,0.04,0.27838,TIMEOUT
ARB-USDT-PERP,2023-02-17 17:00:00+00:00,2023-02-18 17:00:00+00:00,LONG,-1.751,24,0.24139,0.04,0.20139,TIMEOUT
ARB-USDT-PERP,2023-02-18 17:00:00+00:00,2023-02-19 17:00:00+00:00,LONG,-1.472,24,0.20627,0.04,0.16627,TIMEOUT
ARB-USDT-PERP,2023-02-19 17:00:00+00:00,2023-02-20 17:00:00+00:00,LONG,-1.243,24,0.21512,0.04,0.17512,TIMEOUT
ARB-USDT-PERP,2023-02-25 03:00:00+00:00,2023-02-26 03:00:00+00:00,SHORT,1.231,24,0.07372,0.04,0.03372,TIMEOUT
ARB-USDT-PERP,2023-02-26 13:00:00+00:00,2023-02-27 13:00:00+00:00,SHORT,1.206,24,0.17471,0.04,0.13471,TIMEOUT
ARB-USDT-PERP,2023-02-27 13:00:00+00:00,2023-02-28 13:00:00+00:00,SHORT,2.489,24,0.20741,0.04,0.16741,TIMEOUT
ARB-USDT-PERP,2023-02-28 13:00:00+00:00,2023-03-01 13:00:00+00:00,SHORT,2.288,24,0.22555,0.04,0.18555,TIMEOUT
ARB-USDT-PERP,2023-03-01 13:00:00+00:00,2023-03-02 13:00:00+00:00,SHORT,1.974,24,0.15387,0.04,0.11387,TIMEOUT
ARB-USDT-PERP,2023-03-02 14:00:00+00:00,2023-03-03 14:00:00+00:00,SHORT,1.201,24,0.10774,0.04,0.06774,TIMEOUT
ARB-USDT-PERP,2023-03-03 14:00:00+00:00,2023-03-04 14:00:00+00:00,SHORT,1.294,24,0.13512,0.04,0.09512,TIMEOUT
ARB-USDT-PERP,2023-03-04 17:00:00+00:00,2023-03-05 17:00:00+00:00,SHORT,1.211,24,0.22717,0.04,0.18717,TIMEOUT
ARB-USDT-PERP,2023-03-05 17:00:00+00:00,2023-03-06 17:00:00+00:00,SHORT,1.759,24,0.24498,0.04,0.20498,TIMEOUT
ARB-USDT-PERP,2023-03-06 17:00:00+00:00,2023-03-07 17:00:00+00:00,SHORT,1.782,24,0.25977,0.04,0.21977,TIMEOUT
ARB-USDT-PERP,2023-03-07 17:00:00+00:00,2023-03-08 17:00:00+00:00,SHORT,1.715,24,0.291,0.04,0.251,TIMEOUT
ARB-USDT-PERP,2023-03-08 17:00:00+00:00,2023-03-09 17:00:00+00:00,SHORT,1.826,24,0.30167,0.04,0.26167,TIMEOUT
ARB-USDT-PERP,2023-03-09 17:00:00+00:00,2023-03-10 17:00:00+00:00,SHORT,1.73,24,0.30394,0.04,0.26394,TIMEOUT
ARB-USDT-PERP,2023-03-10 19:00:00+00:00,2023-03-11 19:00:00+00:00,SHORT,1.309,24,0.30292,0.04,0.26292,TIMEOUT
ARB-USDT-PERP,2023-03-11 19:00:00+00:00,2023-03-12 19:00:00+00:00,SHORT,1.663,24,0.31883,0.04,0.27883,TIMEOUT
ARB-USDT-PERP,2023-03-12 19:00:00+00:00,2023-03-13 19:00:00+00:00,SHORT,1.524,24,0.31779,0.04,0.27779,TIMEOUT
ARB-USDT-PERP,2023-03-23 01:00:00+00:00,2023-03-24 01:00:00+00:00,LONG,-1.28,24,-0.08501,0.04,-0.12501,TIMEOUT
ARB-USDT-PERP,2023-03-26 11:00:00+00:00,2023-03-27 03:00:00+00:00,LONG,-1.254,16,-0.07845,0.04,-0.11845,REVERT
ARB-USDT-PERP,2023-03-28 23:00:00+00:00,2023-03-29 23:00:00+00:00,SHORT,1.234,24,0.35124,0.04,0.31124,TIMEOUT
ARB-USDT-PERP,2023-03-29 23:00:00+00:00,2023-03-30 23:00:00+00:00,SHORT,1.954,24,0.39153,0.04,0.35153,TIMEOUT
ARB-USDT-PERP,2023-03-30 23:00:00+00:00,2023-03-31 23:00:00+00:00,SHORT,2.463,24,0.37759,0.04,0.33759,TIMEOUT
ARB-USDT-PERP,2023-04-04 01:00:00+00:00,2023-04-04 21:00:00+00:00,SHORT,1.498,20,0.21901,0.04,0.17901,REVERT
ARB-USDT-PERP,2023-04-06 21:00:00+00:00,2023-04-07 13:00:00+00:00,SHORT,1.219,16,0.2239,0.04,0.1839,REVERT
ARB-USDT-PERP,2023-04-08 15:00:00+00:00,2023-04-09 15:00:00+00:00,SHORT,1.358,24,0.41067,0.04,0.37067,TIMEOUT
ARB-USDT-PERP,2023-04-09 15:00:00+00:00,2023-04-10 15:00:00+00:00,SHORT,1.622,24,0.39173,0.04,0.35173,TIMEOUT
ARB-USDT-PERP,2023-04-10 19:00:00+00:00,2023-04-11 19:00:00+00:00,SHORT,1.272,24,0.35091,0.04,0.31091,REVERT
ARB-USDT-PERP,2023-04-17 00:00:00+00:00,2023-04-17 17:00:00+00:00,LONG,-1.208,17,-0.12087,0.04,-0.16087,REVERT
ARB-USDT-PERP,2023-04-18 19:00:00+00:00,2023-04-19 19:00:00+00:00,SHORT,1.354,24,0.41613,0.04,0.37613,TIMEOUT
ARB-USDT-PERP,2023-04-19 19:00:00+00:00,2023-04-20 19:00:00+00:00,SHORT,1.402,24,0.3966,0.04,0.3566,TIMEOUT
ARB-USDT-PERP,2023-04-20 21:00:00+00:00,2023-04-21 21:00:00+00:00,SHORT,1.353,24,0.42893,0.04,0.38893,TIMEOUT
ARB-USDT-PERP,2023-04-21 21:00:00+00:00,2023-04-22 21:00:00+00:00,SHORT,1.509,24,0.42422,0.04,0.38422,TIMEOUT
ARB-USDT-PERP,2023-04-22 21:00:00+00:00,2023-04-23 12:00:00+00:00,SHORT,1.659,15,0.2849,0.04,0.2449,REVERT
ARB-USDT-PERP,2023-04-27 10:00:00+00:00,2023-04-28 10:00:00+00:00,LONG,-1.336,24,-0.21573,0.04,-0.25573,TIMEOUT
ARB-USDT-PERP,2023-04-28 16:00:00+00:00,2023-04-29 16:00:00+00:00,LONG,-1.249,24,-0.13179,0.04,-0.17179,TIMEOUT
ARB-USDT-PERP,2023-04-29 16:00:00+00:00,2023-04-30 16:00:00+00:00,LONG,-2.295,24,-0.08393,0.04,-0.12393,TIMEOUT
ARB-USDT-PERP,2023-04-30 16:00:00+00:00,2023-05-01 16:00:00+00:00,LONG,-2.649,24,-0.1035,0.04,-0.1435,TIMEOUT
ARB-USDT-PERP,2023-05-01 16:00:00+00:00,2023-05-02 16:00:00+00:00,LONG,-2.49,24,-0.01464,0.04,-0.05464,TIMEOUT
ARB-USDT-PERP,2023-05-02 18:00:00+00:00,2023-05-03 18:00:00+00:00,LONG,-2.937,24,0.06309,0.04,0.02309,TIMEOUT
ARB-USDT-PERP,2023-05-03 18:00:00+00:00,2023-05-04 18:00:00+00:00,LONG,-2.422,24,0.09269,0.04,0.05269,TIMEOUT
ARB-USDT-PERP,2023-05-04 18:00:00+00:00,2023-05-05 18:00:00+00:00,LONG,-2.296,24,0.17681,0.04,0.13681,TIMEOUT
ARB-USDT-PERP,2023-05-05 18:00:00+00:00,2023-05-06 18:00:00+00:00,LONG,-2.659,24,0.22944,0.04,0.18944,TIMEOUT
ARB-USDT-PERP,2023-05-06 18:00:00+00:00,2023-05-07 18:00:00+00:00,LONG,-2.64,24,0.25733,0.04,0.21733,TIMEOUT
ARB-USDT-PERP,2023-05-07 18:00:00+00:00,2023-05-08 18:00:00+00:00,LONG,-2.049,24,0.20381,0.04,0.16381,TIMEOUT
ARB-USDT-PERP,2023-05-08 18:00:00+00:00,2023-05-09 18:00:00+00:00,LONG,-1.789,24,0.1132,0.04,0.0732,TIMEOUT
ARB-USDT-PERP,2023-05-10 05:00:00+00:00,2023-05-11 05:00:00+00:00,LONG,-1.226,24,0.19771,0.04,0.15771,TIMEOUT
ARB-USDT-PERP,2023-05-11 05:00:00+00:00,2023-05-12 05:00:00+00:00,LONG,-1.657,24,0.23791,0.04,0.19791,TIMEOUT
ARB-USDT-PERP,2023-05-12 05:00:00+00:00,2023-05-13 05:00:00+00:00,LONG,-1.819,24,0.1872,0.04,0.1472,TIMEOUT
ARB-USDT-PERP,2023-05-23 18:00:00+00:00,2023-05-24 18:00:00+00:00,SHORT,1.225,24,0.13822,0.04,0.09822,TIMEOUT
ARB-USDT-PERP,2023-05-27 18:00:00+00:00,2023-05-28 18:00:00+00:00,SHORT,1.255,24,0.16637,0.04,0.12637,TIMEOUT
ARB-USDT-PERP,2023-05-28 18:00:00+00:00,2023-05-29 18:00:00+00:00,SHORT,1.324,24,0.14633,0.04,0.10633,TIMEOUT
ARB-USDT-PERP,2023-05-29 18:00:00+00:00,2023-05-30 18:00:00+00:00,SHORT,1.429,24,0.17444,0.04,0.13444,TIMEOUT
ARB-USDT-PERP,2023-05-30 18:00:00+00:00,2023-05-31 18:00:00+00:00,SHORT,1.512,24,0.24874,0.04,0.20874,TIMEOUT
ARB-USDT-PERP,2023-05-31 18:00:00+00:00,2023-06-01 18:00:00+00:00,SHORT,2.258,24,0.24552,0.04,0.20552,TIMEOUT
ARB-USDT-PERP,2023-06-01 18:00:00+00:00,2023-06-02 18:00:00+00:00,SHORT,1.929,24,0.27886,0.04,0.23886,TIMEOUT
ARB-USDT-PERP,2023-06-02 18:00:00+00:00,2023-06-03 18:00:00+00:00,SHORT,1.594,24,0.27735,0.04,0.23735,TIMEOUT
ARB-USDT-PERP,2023-06-03 18:00:00+00:00,2023-06-04 18:00:00+00:00,SHORT,1.599,24,0.23803,0.04,0.19803,TIMEOUT
ARB-USDT-PERP,2023-06-04 18:00:00+00:00,2023-06-05 18:00:00+00:00,SHORT,1.409,24,0.21877,0.04,0.17877,TIMEOUT
ARB-USDT-PERP,2023-06-05 21:00:00+00:00,2023-06-06 21:00:00+00:00,SHORT,1.257,24,0.29491,0.04,0.25491,TIMEOUT
ARB-USDT-PERP,2023-06-06 21:00:00+00:00,2023-06-07 21:00:00+00:00,SHORT,1.789,24,0.28109,0.04,0.24109,TIMEOUT
ARB-USDT-PERP,2023-06-10 18:00:00+00:00,2023-06-11 12:00:00+00:00,SHORT,1.267,18,0.14969,0.04,0.10969,REVERT
ARB-USDT-PERP,2023-06-14 14:00:00+00:00,2023-06-15 14:00:00+00:00,LONG,-1.619,24,0.04897,0.04,0.00897,TIMEOUT
ARB-USDT-PERP,2023-06-15 14:00:00+00:00,2023-06-16 14:00:00+00:00,LONG,-2.26,24,0.10181,0.04,0.06181,TIMEOUT
ARB-USDT-PERP,2023-06-16 14:00:00+00:00,2023-06-17 14:00:00+00:00,LONG,-2.386,24,0.08871,0.04,0.04871,TIMEOUT
ARB-USDT-PERP,2023-06-17 14:00:00+00:00,2023-06-18 14:00:00+00:00,LONG,-1.939,24,0.1103,0.04,0.0703,TIMEOUT
ARB-USDT-PERP,2023-06-18 14:00:00+00:00,2023-06-19 14:00:00+00:00,LONG,-1.931,24,0.11776,0.04,0.07776,TIMEOUT
ARB-USDT-PERP,2023-06-19 14:00:00+00:00,2023-06-20 14:00:00+00:00,LONG,-1.923,24,0.07389,0.04,0.03389,TIMEOUT
ARB-USDT-PERP,2023-06-20 14:00:00+00:00,2023-06-21 14:00:00+00:00,LONG,-1.695,24,0.07168,0.04,0.03168,TIMEOUT
ARB-USDT-PERP,2023-06-21 17:00:00+00:00,2023-06-22 08:00:00+00:00,LONG,-1.275,15,-0.01707,0.04,-0.05707,REVERT
ARB-USDT-PERP,2023-06-24 20:00:00+00:00,2023-06-25 20:00:00+00:00,LONG,-1.256,24,0.02662,0.04,-0.01338,TIMEOUT
ARB-USDT-PERP,2023-06-27 16:00:00+00:00,2023-06-28 16:00:00+00:00,LONG,-1.203,24,0.00386,0.04,-0.03614,TIMEOUT
ARB-USDT-PERP,2023-06-29 21:00:00+00:00,2023-06-30 21:00:00+00:00,LONG,-1.201,24,0.11119,0.04,0.07119,TIMEOUT
ARB-USDT-PERP,2023-06-30 21:00:00+00:00,2023-07-01 21:00:00+00:00,LONG,-1.446,24,0.10527,0.04,0.06527,TIMEOUT
ARB-USDT-PERP,2023-07-01 22:00:00+00:00,2023-07-02 22:00:00+00:00,LONG,-1.203,24,0.15658,0.04,0.11658,TIMEOUT
ARB-USDT-PERP,2023-07-02 22:00:00+00:00,2023-07-03 22:00:00+00:00,LONG,-1.279,24,0.12958,0.04,0.08958,TIMEOUT
ARB-USDT-PERP,2023-07-06 02:00:00+00:00,2023-07-06 15:00:00+00:00,LONG,-1.235,13,0.03813,0.04,-0.00187,REVERT
ARB-USDT-PERP,2023-07-09 16:00:00+00:00,2023-07-10 16:00:00+00:00,LONG,-1.289,24,0.23154,0.04,0.19154,TIMEOUT
ARB-USDT-PERP,2023-07-10 16:00:00+00:00,2023-07-11 16:00:00+00:00,LONG,-2.232,24,0.27701,0.04,0.23701,TIMEOUT
ARB-USDT-PERP,2023-07-11 16:00:00+00:00,2023-07-12 16:00:00+00:00,LONG,-2.615,24,0.22311,0.04,0.18311,TIMEOUT
ARB-USDT-PERP,2023-07-12 16:00:00+00:00,2023-07-13 16:00:00+00:00,LONG,-1.708,24,0.18152,0.04,0.14152,TIMEOUT
ARB-USDT-PERP,2023-07-13 18:00:00+00:00,2023-07-14 09:00:00+00:00,LONG,-1.222,15,0.1047,0.04,0.0647,REVERT
ARB-USDT-PERP,2023-07-15 19:00:00+00:00,2023-07-16 19:00:00+00:00,LONG,-1.517,24,0.26965,0.04,0.22965,TIMEOUT
ARB-USDT-PERP,2023-07-16 19:00:00+00:00,2023-07-17 19:00:00+00:00,LONG,-2.719,24,0.32117,0.04,0.28117,TIMEOUT
ARB-USDT-PERP,2023-07-17 19:00:00+00:00,2023-07-18 19:00:00+00:00,LONG,-1.751,24,0.28711,0.04,0.24711,TIMEOUT
ARB-USDT-PERP,2023-07-18 19:00:00+00:00,2023-07-19 11:00:00+00:00,LONG,-1.338,16,0.12543,0.04,0.08543,REVERT
ARB-USDT-PERP,2023-07-30 10:00:00+00:00,2023-07-31 10:00:00+00:00,LONG,-1.214,24,0.28979,0.04,0.24979,TIMEOUT
ARB-USDT-PERP,2023-07-31 10:00:00+00:00,2023-08-01 10:00:00+00:00,LONG,-2.024,24,0.35111,0.04,0.31111,TIMEOUT
ARB-USDT-PERP,2023-08-01 10:00:00+00:00,2023-08-02 10:00:00+00:00,LONG,-1.841,24,0.34872,0.04,0.30872,TIMEOUT
ARB-USDT-PERP,2023-08-02 10:00:00+00:00,2023-08-03 10:00:00+00:00,LONG,-1.599,24,0.41759,0.04,0.37759,TIMEOUT
ARB-USDT-PERP,2023-08-03 10:00:00+00:00,2023-08-04 10:00:00+00:00,LONG,-2.239,24,0.36838,0.04,0.32838,TIMEOUT
ARB-USDT-PERP,2023-08-04 10:00:00+00:00,2023-08-05 10:00:00+00:00,LONG,-1.221,24,0.30574,0.04,0.26574,TIMEOUT
ARB-USDT-PERP,2023-08-08 18:00:00+00:00,2023-08-09 18:00:00+00:00,SHORT,1.207,24,-0.05793,0.04,-0.09793,TIMEOUT
ARB-USDT-PERP,2023-08-09 18:00:00+00:00,2023-08-10 18:00:00+00:00,SHORT,1.351,24,0.03304,0.04,-0.00696,TIMEOUT
ARB-USDT-PERP,2023-08-10 18:00:00+00:00,2023-08-11 18:00:00+00:00,SHORT,2.57,24,0.17044,0.04,0.13044,TIMEOUT
ARB-USDT-PERP,2023-08-11 18:00:00+00:00,2023-08-12 18:00:00+00:00,SHORT,2.3,24,0.13312,0.04,0.09312,TIMEOUT
ARB-USDT-PERP,2023-08-12 18:00:00+00:00,2023-08-13 18:00:00+00:00,SHORT,1.959,24,0.15907,0.04,0.11907,TIMEOUT
ARB-USDT-PERP,2023-08-13 18:00:00+00:00,2023-08-14 18:00:00+00:00,SHORT,2.038,24,0.19856,0.04,0.15856,TIMEOUT
ARB-USDT-PERP,2023-08-14 18:00:00+00:00,2023-08-15 18:00:00+00:00,SHORT,2.099,24,0.19118,0.04,0.15118,TIMEOUT
ARB-USDT-PERP,2023-08-15 18:00:00+00:00,2023-08-16 18:00:00+00:00,SHORT,1.854,24,0.20448,0.04,0.16448,TIMEOUT
ARB-USDT-PERP,2023-08-16 18:00:00+00:00,2023-08-17 18:00:00+00:00,SHORT,1.963,24,0.19698,0.04,0.15698,TIMEOUT
ARB-USDT-PERP,2023-08-17 18:00:00+00:00,2023-08-18 14:00:00+00:00,SHORT,1.323,20,0.05195,0.04,0.01195,REVERT
ARB-USDT-PERP,2023-08-19 13:00:00+00:00,2023-08-20 13:00:00+00:00,SHORT,1.211,24,0.19734,0.04,0.15734,TIMEOUT
ARB-USDT-PERP,2023-08-20 13:00:00+00:00,2023-08-21 13:00:00+00:00,SHORT,1.222,24,0.23639,0.04,0.19639,TIMEOUT
ARB-USDT-PERP,2023-08-21 13:00:00+00:00,2023-08-22 13:00:00+00:00,SHORT,1.474,24,0.21192,0.04,0.17192,TIMEOUT
ARB-USDT-PERP,2023-08-22 14:00:00+00:00,2023-08-23 14:00:00+00:00,SHORT,1.237,24,0.22313,0.04,0.18313,TIMEOUT
ARB-USDT-PERP,2023-09-02 17:00:00+00:00,2023-09-03 17:00:00+00:00,LONG,-1.31,24,0.1353,0.04,0.0953,TIMEOUT
ARB-USDT-PERP,2023-09-03 17:00:00+00:00,2023-09-04 17:00:00+00:00,LONG,-1.248,24,0.20932,0.04,0.16932,TIMEOUT
ARB-USDT-PERP,2023-09-04 17:00:00+00:00,2023-09-05 17:00:00+00:00,LONG,-2.236,24,0.28209,0.04,0.24209,TIMEOUT
ARB-USDT-PERP,2023-09-05 17:00:00+00:00,2023-09-06 17:00:00+00:00,LONG,-2.336,24,0.23917,0.04,0.19917,TIMEOUT
ARB-USDT-PERP,2023-09-06 17:00:00+00:00,2023-09-07 17:00:00+00:00,LONG,-1.733,24,0.25475,0.04,0.21475,TIMEOUT
ARB-USDT-PERP,2023-09-07 17:00:00+00:00,2023-09-08 17:00:00+00:00,LONG,-2.026,24,0.26774,0.04,0.22774,TIMEOUT
ARB-USDT-PERP,2023-09-08 17:00:00+00:00,2023-09-09 17:00:00+00:00,LONG,-1.954,24,0.21112,0.04,0.17112,TIMEOUT
ARB-USDT-PERP,2023-09-09 17:00:00+00:00,2023-09-10 17:00:00+00:00,LONG,-1.381,24,0.1918,0.04,0.1518,TIMEOUT
ARB-USDT-PERP,2023-09-10 17:00:00+00:00,2023-09-11 17:00:00+00:00,LONG,-1.672,24,0.23146,0.04,0.19146,TIMEOUT
ARB-USDT-PERP,2023-09-11 17:00:00+00:00,2023-09-12 17:00:00+00:00,LONG,-1.752,24,0.26721,0.04,0.22721,TIMEOUT
ARB-USDT-PERP,2023-09-12 17:00:00+00:00,2023-09-13 17:00:00+00:00,LONG,-1.456,24,0.23053,0.04,0.19053,TIMEOUT
ARB-USDT-PERP,2023-09-13 22:00:00+00:00,2023-09-14 22:00:00+00:00,LONG,-1.263,24,0.27808,0.04,0.23808,TIMEOUT
ARB-USDT-PERP,2023-09-14 22:00:00+00:00,2023-09-15 22:00:00+00:00,LONG,-1.423,24,0.29737,0.04,0.25737,TIMEOUT
ARB-USDT-PERP,2023-09-15 22:00:00+00:00,2023-09-16 22:00:00+00:00,LONG,-1.446,24,0.33183,0.04,0.29183,TIMEOUT
ARB-USDT-PERP,2023-09-16 22:00:00+00:00,2023-09-17 22:00:00+00:00,LONG,-1.775,24,0.32218,0.04,0.28218,TIMEOUT
ARB-USDT-PERP,2023-09-17 22:00:00+00:00,2023-09-18 22:00:00+00:00,LONG,-1.29,24,0.37709,0.04,0.33709,TIMEOUT
ARB-USDT-PERP,2023-09-18 22:00:00+00:00,2023-09-19 22:00:00+00:00,LONG,-1.338,24,0.35365,0.04,0.31365,TIMEOUT
ARB-USDT-PERP,2023-09-20 00:00:00+00:00,2023-09-21 00:00:00+00:00,LONG,-1.251,24,0.31084,0.04,0.27084,TIMEOUT
ARB-USDT-PERP,2023-09-23 01:00:00+00:00,2023-09-24 01:00:00+00:00,LONG,-1.224,24,0.41145,0.04,0.37145,TIMEOUT
ARB-USDT-PERP,2023-09-24 01:00:00+00:00,2023-09-25 01:00:00+00:00,LONG,-1.278,24,0.36713,0.04,0.32713,TIMEOUT
ARB-USDT-PERP,2023-09-25 03:00:00+00:00,2023-09-26 03:00:00+00:00,LONG,-1.264,24,0.38593,0.04,0.34593,TIMEOUT
ARB-USDT-PERP,2023-09-26 19:00:00+00:00,2023-09-27 19:00:00+00:00,LONG,-1.251,24,0.36826,0.04,0.32826,REVERT
ARB-USDT-PERP,2023-09-29 09:00:00+00:00,2023-09-30 09:00:00+00:00,LONG,-1.316,24,0.41801,0.04,0.37801,TIMEOUT
ARB-USDT-PERP,2023-09-30 11:00:00+00:00,2023-10-01 08:00:00+00:00,LONG,-1.24,21,0.37353,0.04,0.33353,REVERT
ARB-USDT-PERP,2023-10-04 19:00:00+00:00,2023-10-05 15:00:00+00:00,SHORT,1.313,20,-0.14588,0.04,-0.18588,REVERT
ARB-USDT-PERP,2023-10-06 00:00:00+00:00,2023-10-07 00:00:00+00:00,SHORT,1.373,24,-0.15185,0.04,-0.19185,TIMEOUT
ARB-USDT-PERP,2023-10-07 00:00:00+00:00,2023-10-08 00:00:00+00:00,SHORT,1.918,24,-0.18788,0.04,-0.22788,TIMEOUT
ARB-USDT-PERP,2023-10-08 00:00:00+00:00,2023-10-09 00:00:00+00:00,SHORT,1.332,24,-0.18919,0.04,-0.22919,TIMEOUT
ARB-USDT-PERP,2023-10-09 00:00:00+00:00,2023-10-10 00:00:00+00:00,SHORT,1.255,24,-0.22332,0.04,-0.26332,TIMEOUT
ARB-USDT-PERP,2023-10-10 05:00:00+00:00,2023-10-11 01:00:00+00:00,SHORT,1.395,20,-0.23464,0.04,-0.27464,REVERT
ARB-USDT-PERP,2023-10-11 19:00:00+00:00,2023-10-12 19:00:00+00:00,SHORT,1.261,24,-0.15409,0.04,-0.19409,TIMEOUT
ARB-USDT-PERP,2023-10-12 19:00:00+00:00,2023-10-13 05:00:00+00:00,SHORT,1.593,10,-0.07638,0.04,-0.11638,REVERT
ARB-USDT-PERP,2023-10-14 03:00:00+00:00,2023-10-15 03:00:00+00:00,SHORT,1.238,24,-0.17449,0.04,-0.21449,TIMEOUT
ARB-USDT-PERP,2023-10-15 04:00:00+00:00,2023-10-15 12:00:00+00:00,SHORT,1.262,8,-0.06573,0.04,-0.10573,REVERT
ARB-USDT-PERP,2023-10-16 07:00:00+00:00,2023-10-17 07:00:00+00:00,SHORT,1.229,24,-0.18037,0.04,-0.22037,TIMEOUT
ARB-USDT-PERP,2023-10-17 07:00:00+00:00,2023-10-18 07:00:00+00:00,SHORT,2.139,24,-0.12874,0.04,-0.16874,TIMEOUT
ARB-USDT-PERP,2023-10-20 02:00:00+00:00,2023-10-20 20:00:00+00:00,SHORT,1.217,18,-0.10377,0.04,-0.14377,REVERT
ARB-USDT-PERP,2023-10-21 22:00:00+00:00,2023-10-22 22:00:00+00:00,LONG,-1.229,24,0.40544,0.04,0.36544,TIMEOUT
ARB-USDT-PERP,2023-10-22 22:00:00+00:00,2023-10-23 22:00:00+00:00,LONG,-1.296,24,0.41236,0.04,0.37236,TIMEOUT
ARB-USDT-PERP,2023-10-23 22:00:00+00:00,2023-10-24 22:00:00+00:00,LONG,-1.492,24,0.41065,0.04,0.37065,TIMEOUT
ARB-USDT-PERP,2023-10-26 08:00:00+00:00,2023-10-26 18:00:00+00:00,SHORT,1.449,10,-0.0689,0.04,-0.1089,REVERT
ARB-USDT-PERP,2023-10-28 18:00:00+00:00,2023-10-29 18:00:00+00:00,LONG,-1.286,24,0.36601,0.04,0.32601,TIMEOUT
ARB-USDT-PERP,2023-10-29 19:00:00+00:00,2023-10-30 19:00:00+00:00,LONG,-1.415,24,0.40047,0.04,0.36047,TIMEOUT
ARB-USDT-PERP,2023-11-01 11:00:00+00:00,2023-11-02 11:00:00+00:00,LONG,-1.238,24,0.37494,0.04,0.33494,TIMEOUT
ARB-USDT-PERP,2023-11-02 17:00:00+00:00,2023-11-03 17:00:00+00:00,LONG,-1.593,24,0.4379,0.04,0.3979,TIMEOUT
ARB-USDT-PERP,2023-11-03 17:00:00+00:00,2023-11-04 17:00:00+00:00,LONG,-1.91,24,0.43829,0.04,0.39829,TIMEOUT
ARB-USDT-PERP,2023-11-04 17:00:00+00:00,2023-11-05 17:00:00+00:00,LONG,-1.608,24,0.38815,0.04,0.34815,TIMEOUT
ARB-USDT-PERP,2023-11-05 19:00:00+00:00,2023-11-06 12:00:00+00:00,LONG,-1.226,17,0.25278,0.04,0.21278,REVERT
ARB-USDT-PERP,2023-11-07 02:00:00+00:00,2023-11-08 02:00:00+00:00,LONG,-1.228,24,0.4264,0.04,0.3864,TIMEOUT
ARB-USDT-PERP,2023-11-08 02:00:00+00:00,2023-11-09 02:00:00+00:00,LONG,-1.275,24,0.41936,0.04,0.37936,TIMEOUT
ARB-USDT-PERP,2023-11-09 04:00:00+00:00,2023-11-10 04:00:00+00:00,LONG,-1.202,24,0.43578,0.04,0.39578,TIMEOUT
ARB-USDT-PERP,2023-11-10 06:00:00+00:00,2023-11-11 06:00:00+00:00,LONG,-1.202,24,0.44183,0.04,0.40183,TIMEOUT
ARB-USDT-PERP,2023-11-12 04:00:00+00:00,2023-11-12 18:00:00+00:00,LONG,-1.289,14,0.27748,0.04,0.23748,REVERT
ARB-USDT-PERP,2023-11-18 23:00:00+00:00,2023-11-19 23:00:00+00:00,SHORT,1.475,24,-0.26102,0.04,-0.30102,TIMEOUT
ARB-USDT-PERP,2023-11-19 23:00:00+00:00,2023-11-20 23:00:00+00:00,SHORT,1.963,24,-0.27224,0.04,-0.31224,TIMEOUT
ARB-USDT-PERP,2023-11-25 14:00:00+00:00,2023-11-25 17:00:00+00:00,SHORT,1.307,3,-0.10944,0.04,-0.14944,REVERT
ARB-USDT-PERP,2023-11-26 15:00:00+00:00,2023-11-27 10:00:00+00:00,LONG,-1.227,19,0.42612,0.04,0.38612,REVERT
ARB-USDT-PERP,2023-11-28 17:00:00+00:00,2023-11-29 17:00:00+00:00,SHORT,1.558,24,-0.21811,0.04,-0.25811,TIMEOUT
ARB-USDT-PERP,2023-11-29 17:00:00+00:00,2023-11-30 17:00:00+00:00,SHORT,1.887,24,-0.20631,0.04,-0.24631,TIMEOUT
ARB-USDT-PERP,2023-11-30 17:00:00+00:00,2023-12-01 17:00:00+00:00,SHORT,2.82,24,-0.14777,0.04,-0.18777,TIMEOUT
ARB-USDT-PERP,2023-12-01 17:00:00+00:00,2023-12-02 17:00:00+00:00,SHORT,3.704,24,-0.05878,0.04,-0.09878,TIMEOUT
ARB-USDT-PERP,2023-12-02 17:00:00+00:00,2023-12-03 17:00:00+00:00,SHORT,3.243,24,-0.03106,0.04,-0.07106,TIMEOUT
ARB-USDT-PERP,2023-12-03 21:00:00+00:00,2023-12-04 21:00:00+00:00,SHORT,3.382,24,0.01119,0.04,-0.02881,TIMEOUT
ARB-USDT-PERP,2023-12-05 21:00:00+00:00,2023-12-06 21:00:00+00:00,SHORT,2.485,24,0.0727,0.04,0.0327,TIMEOUT
ARB-USDT-PERP,2023-12-06 21:00:00+00:00,2023-12-07 21:00:00+00:00,SHORT,2.488,24,0.07933,0.04,0.03933,TIMEOUT
ARB-USDT-PERP,2023-12-08 16:00:00+00:00,2023-12-09 16:00:00+00:00,SHORT,1.968,24,0.01245,0.04,-0.02755,TIMEOUT
ARB-USDT-PERP,2023-12-26 23:00:00+00:00,2023-12-27 23:00:00+00:00,LONG,-1.213,24,0.26931,0.04,0.22931,TIMEOUT
ARB-USDT-PERP,2023-12-28 05:00:00+00:00,2023-12-29 01:00:00+00:00,LONG,-1.291,20,0.23731,0.04,0.19731,REVERT
ARB-USDT-PERP,2024-01-04 15:00:00+00:00,2024-01-04 21:00:00+00:00,LONG,-1.213,6,0.08192,0.04,0.04192,REVERT
ARB-USDT-PERP,2024-01-05 12:00:00+00:00,2024-01-06 12:00:00+00:00,LONG,-1.237,24,0.34585,0.04,0.30585,TIMEOUT
ARB-USDT-PERP,2024-01-06 12:00:00+00:00,2024-01-07 08:00:00+00:00,LONG,-2.665,20,0.26442,0.04,0.22442,REVERT
ARB-USDT-PERP,2024-01-07 11:00:00+00:00,2024-01-08 11:00:00+00:00,LONG,-1.346,24,0.29756,0.04,0.25756,TIMEOUT
ARB-USDT-PERP,2024-01-08 11:00:00+00:00,2024-01-09 10:00:00+00:00,LONG,-2.195,23,0.30498,0.04,0.26498,REVERT
ARB-USDT-PERP,2024-01-10 23:00:00+00:00,2024-01-11 23:00:00+00:00,LONG,-1.447,24,0.2953,0.04,0.2553,TIMEOUT
ARB-USDT-PERP,2024-01-12 03:00:00+00:00,2024-01-13 03:00:00+00:00,LONG,-1.328,24,0.30793,0.04,0.26793,TIMEOUT
ARB-USDT-PERP,2024-01-13 03:00:00+00:00,2024-01-13 22:00:00+00:00,LONG,-1.688,19,0.18638,0.04,0.14638,REVERT
ARB-USDT-PERP,2024-01-17 01:00:00+00:00,2024-01-18 01:00:00+00:00,LONG,-1.379,24,0.34972,0.04,0.30972,TIMEOUT
ARB-USDT-PERP,2024-01-18 01:00:00+00:00,2024-01-19 01:00:00+00:00,LONG,-2.365,24,0.4332,0.04,0.3932,TIMEOUT
ARB-USDT-PERP,2024-01-19 01:00:00+00:00,2024-01-20 01:00:00+00:00,LONG,-2.72,24,0.446,0.04,0.406,TIMEOUT
ARB-USDT-PERP,2024-01-20 01:00:00+00:00,2024-01-21 01:00:00+00:00,LONG,-2.358,24,0.41504,0.04,0.37504,TIMEOUT
ARB-USDT-PERP,2024-01-21 01:00:00+00:00,2024-01-22 01:00:00+00:00,LONG,-1.521,24,0.43827,0.04,0.39827,TIMEOUT
ARB-USDT-PERP,2024-01-22 01:00:00+00:00,2024-01-22 23:00:00+00:00,LONG,-1.844,22,0.24605,0.04,0.20605,REVERT
ARB-USDT-PERP,2024-02-01 01:00:00+00:00,2024-02-01 09:00:00+00:00,LONG,-1.244,8,0.11753,0.04,0.07753,REVERT
ARB-USDT-PERP,2024-02-03 09:00:00+00:00,2024-02-04 09:00:00+00:00,LONG,-1.292,24,0.36188,0.04,0.32188,REVERT
ARB-USDT-PERP,2024-02-04 18:00:00+00:00,2024-02-05 18:00:00+00:00,LONG,-1.418,24,0.40252,0.04,0.36252,TIMEOUT
ARB-USDT-PERP,2024-02-06 15:00:00+00:00,2024-02-06 23:00:00+00:00,LONG,-1.208,8,0.12611,0.04,0.08611,REVERT
ARB-USDT-PERP,2024-02-08 00:00:00+00:00,2024-02-09 00:00:00+00:00,LONG,-1.47,24,0.40878,0.04,0.36878,TIMEOUT
ARB-USDT-PERP,2024-02-09 22:00:00+00:00,2024-02-10 22:00:00+00:00,SHORT,1.389,24,-0.23891,0.04,-0.27891,TIMEOUT
ARB-USDT-PERP,2024-02-12 23:00:00+00:00,2024-02-13 03:00:00+00:00,LONG,-1.269,4,0.13231,0.04,0.09231,REVERT
ARB-USDT-PERP,2024-02-14 18:00:00+00:00,2024-02-15 18:00:00+00:00,SHORT,1.382,24,-0.23866,0.04,-0.27866,TIMEOUT
ARB-USDT-PERP,2024-02-15 18:00:00+00:00,2024-02-16 18:00:00+00:00,SHORT,1.752,24,-0.17467,0.04,-0.21467,TIMEOUT
ARB-USDT-PERP,2024-02-16 18:00:00+00:00,2024-02-17 18:00:00+00:00,SHORT,1.625,24,-0.23868,0.04,-0.27868,TIMEOUT
ARB-USDT-PERP,2024-02-17 22:00:00+00:00,2024-02-18 17:00:00+00:00,SHORT,1.247,19,-0.249,0.04,-0.289,REVERT
ARB-USDT-PERP,2024-02-19 12:00:00+00:00,2024-02-19 21:00:00+00:00,SHORT,1.25,9,-0.08524,0.04,-0.12524,REVERT
ARB-USDT-PERP,2024-02-20 12:00:00+00:00,2024-02-21 12:00:00+00:00,SHORT,1.218,24,-0.18441,0.04,-0.22441,TIMEOUT
ARB-USDT-PERP,2024-02-21 12:00:00+00:00,2024-02-22 12:00:00+00:00,SHORT,1.822,24,-0.19033,0.04,-0.23033,TIMEOUT
ARB-USDT-PERP,2024-02-22 12:00:00+00:00,2024-02-23 12:00:00+00:00,SHORT,3.009,24,-0.07638,0.04,-0.11638,TIMEOUT
ARB-USDT-PERP,2024-02-23 13:00:00+00:00,2024-02-24 13:00:00+00:00,SHORT,2.885,24,-0.08221,0.04,-0.12221,TIMEOUT
ARB-USDT-PERP,2024-02-24 13:00:00+00:00,2024-02-25 13:00:00+00:00,SHORT,2.615,24,-0.08625,0.04,-0.12625,TIMEOUT
ARB-USDT-PERP,2024-02-25 13:00:00+00:00,2024-02-26 13:00:00+00:00,SHORT,1.32,24,-0.17054,0.04,-0.21054,TIMEOUT
ARB-USDT-PERP,2024-02-28 07:00:00+00:00,2024-02-29 07:00:00+00:00,SHORT,1.261,24,-0.08928,0.04,-0.12928,TIMEOUT
ARB-USDT-PERP,2024-02-29 07:00:00+00:00,2024-03-01 01:00:00+00:00,SHORT,2.059,18,-0.13131,0.04,-0.17131,REVERT
ARB-USDT-PERP,2024-03-08 08:00:00+00:00,2024-03-09 08:00:00+00:00,SHORT,1.235,24,-0.02044,0.04,-0.06044,TIMEOUT
ARB-USDT-PERP,2024-03-09 21:00:00+00:00,2024-03-10 21:00:00+00:00,SHORT,2.798,24,0.00053,0.04,-0.03947,TIMEOUT
ARB-USDT-PERP,2024-03-10 23:00:00+00:00,2024-03-11 23:00:00+00:00,SHORT,1.748,24,0.00712,0.04,-0.03288,TIMEOUT
ARB-USDT-PERP,2024-03-12 00:00:00+00:00,2024-03-13 00:00:00+00:00,SHORT,2.282,24,0.12858,0.04,0.08858,TIMEOUT
ARB-USDT-PERP,2024-03-13 00:00:00+00:00,2024-03-14 00:00:00+00:00,SHORT,2.866,24,0.11567,0.04,0.07567,TIMEOUT
ARB-USDT-PERP,2024-03-14 00:00:00+00:00,2024-03-15 00:00:00+00:00,SHORT,1.941,24,0.1228,0.04,0.0828,TIMEOUT
ARB-USDT-PERP,2024-03-15 00:00:00+00:00,2024-03-16 00:00:00+00:00,SHORT,2.494,24,0.08866,0.04,0.04866,TIMEOUT
ARB-USDT-PERP,2024-03-16 01:00:00+00:00,2024-03-17 01:00:00+00:00,SHORT,1.469,24,0.07885,0.04,0.03885,TIMEOUT
ARB-USDT-PERP,2024-03-17 01:00:00+00:00,2024-03-17 16:00:00+00:00,SHORT,1.648,15,-0.02299,0.04,-0.06299,REVERT
ARB-USDT-PERP,2024-03-23 00:00:00+00:00,2024-03-24 00:00:00+00:00,SHORT,1.311,24,0.06051,0.04,0.02051,TIMEOUT
ARB-USDT-PERP,2024-03-24 00:00:00+00:00,2024-03-25 00:00:00+00:00,SHORT,1.243,24,0.09078,0.04,0.05078,TIMEOUT
ARB-USDT-PERP,2024-03-25 01:00:00+00:00,2024-03-26 01:00:00+00:00,SHORT,1.295,24,0.08678,0.04,0.04678,TIMEOUT
ARB-USDT-PERP,2024-03-27 03:00:00+00:00,2024-03-27 18:00:00+00:00,SHORT,1.25,15,0.06383,0.04,0.02383,REVERT
ARB-USDT-PERP,2024-04-02 04:00:00+00:00,2024-04-03 04:00:00+00:00,LONG,-1.336,24,0.17451,0.04,0.13451,TIMEOUT
ARB-USDT-PERP,2024-04-03 04:00:00+00:00,2024-04-04 04:00:00+00:00,LONG,-1.73,24,0.29889,0.04,0.25889,TIMEOUT
ARB-USDT-PERP,2024-04-04 04:00:00+00:00,2024-04-05 04:00:00+00:00,LONG,-2.021,24,0.28132,0.04,0.24132,TIMEOUT
ARB-USDT-PERP,2024-04-05 04:00:00+00:00,2024-04-06 04:00:00+00:00,LONG,-2.152,24,0.19272,0.04,0.15272,TIMEOUT
ARB-USDT-PERP,2024-04-06 04:00:00+00:00,2024-04-07 04:00:00+00:00,LONG,-1.434,24,0.18568,0.04,0.14568,TIMEOUT
ARB-USDT-PERP,2024-04-07 04:00:00+00:00,2024-04-08 04:00:00+00:00,LONG,-1.701,24,0.16395,0.04,0.12395,TIMEOUT
ARB-USDT-PERP,2024-04-08 15:00:00+00:00,2024-04-09 15:00:00+00:00,LONG,-1.248,24,0.24861,0.04,0.20861,TIMEOUT
ARB-USDT-PERP,2024-04-09 15:00:00+00:00,2024-04-10 15:00:00+00:00,LONG,-2.006,24,0.22015,0.04,0.18015,TIMEOUT
ARB-USDT-PERP,2024-04-10 15:00:00+00:00,2024-04-11 15:00:00+00:00,LONG,-1.674,24,0.24413,0.04,0.20413,TIMEOUT
ARB-USDT-PERP,2024-04-11 15:00:00+00:00,2024-04-12 15:00:00+00:00,LONG,-1.544,24,0.26955,0.04,0.22955,TIMEOUT
ARB-USDT-PERP,2024-04-12 19:00:00+00:00,2024-04-13 19:00:00+00:00,LONG,-1.201,24,0.22122,0.04,0.18122,TIMEOUT
ARB-USDT-PERP,2024-04-14 08:00:00+00:00,2024-04-15 08:00:00+00:00,LONG,-1.38,24,0.20243,0.04,0.16243,TIMEOUT
ARB-USDT-PERP,2024-04-26 15:00:00+00:00,2024-04-27 15:00:00+00:00,SHORT,2.065,24,0.0197,0.04,-0.0203,TIMEOUT
ARB-USDT-PERP,2024-04-27 15:00:00+00:00,2024-04-28 15:00:00+00:00,SHORT,2.056,24,0.03597,0.04,-0.00403,TIMEOUT
ARB-USDT-PERP,2024-04-30 09:00:00+00:00,2024-05-01 09:00:00+00:00,SHORT,1.979,24,0.02417,0.04,-0.01583,TIMEOUT
ARB-USDT-PERP,2024-05-01 09:00:00+00:00,2024-05-02 09:00:00+00:00,SHORT,1.881,24,0.09979,0.04,0.05979,TIMEOUT
ARB-USDT-PERP,2024-05-02 09:00:00+00:00,2024-05-03 09:00:00+00:00,SHORT,2.066,24,0.05814,0.04,0.01814,TIMEOUT
ARB-USDT-PERP,2024-05-06 04:00:00+00:00,2024-05-06 08:00:00+00:00,LONG,-1.266,4,0.05157,0.04,0.01157,REVERT
ARB-USDT-PERP,2024-05-07 09:00:00+00:00,2024-05-08 09:00:00+00:00,LONG,-1.203,24,0.23743,0.04,0.19743,TIMEOUT
ARB-USDT-PERP,2024-05-08 09:00:00+00:00,2024-05-09 09:00:00+00:00,LONG,-1.298,24,0.20978,0.04,0.16978,TIMEOUT
ARB-USDT-PERP,2024-05-09 12:00:00+00:00,2024-05-10 12:00:00+00:00,LONG,-1.352,24,0.21103,0.04,0.17103,TIMEOUT
ARB-USDT-PERP,2024-05-10 14:00:00+00:00,2024-05-11 14:00:00+00:00,LONG,-1.276,24,0.2403,0.04,0.2003,TIMEOUT
ARB-USDT-PERP,2024-05-12 04:00:00+00:00,2024-05-13 04:00:00+00:00,LONG,-1.263,24,0.23696,0.04,0.19696,TIMEOUT
ARB-USDT-PERP,2024-05-13 05:00:00+00:00,2024-05-14 05:00:00+00:00,LONG,-1.525,24,0.22479,0.04,0.18479,TIMEOUT
ARB-USDT-PERP,2024-05-14 20:00:00+00:00,2024-05-15 20:00:00+00:00,LONG,-1.236,24,0.23543,0.04,0.19543,TIMEOUT
ARB-USDT-PERP,2024-05-15 20:00:00+00:00,2024-05-16 07:00:00+00:00,LONG,-1.384,11,0.07652,0.04,0.03652,REVERT
ARB-USDT-PERP,2024-05-22 04:00:00+00:00,2024-05-23 04:00:00+00:00,LONG,-1.24,24,0.25005,0.04,0.21005,TIMEOUT
ARB-USDT-PERP,2024-05-23 04:00:00+00:00,2024-05-24 04:00:00+00:00,LONG,-1.615,24,0.26725,0.04,0.22725,TIMEOUT
ARB-USDT-PERP,2024-05-24 06:00:00+00:00,2024-05-25 06:00:00+00:00,LONG,-1.208,24,0.214,0.04,0.174,TIMEOUT
ARB-USDT-PERP,2024-05-30 15:00:00+00:00,2024-05-31 03:00:00+00:00,LONG,-1.235,12,0.18837,0.04,0.14837,REVERT
ARB-USDT-PERP,2024-06-03 17:00:00+00:00,2024-06-04 05:00:00+00:00,SHORT,1.217,12,-0.03057,0.04,-0.07057,REVERT
ARB-USDT-PERP,2024-06-06 12:00:00+00:00,2024-06-07 12:00:00+00:00,LONG,-1.233,24,0.24968,0.04,0.20968,TIMEOUT
ARB-USDT-PERP,2024-06-07 22:00:00+00:00,2024-06-08 22:00:00+00:00,LONG,-1.202,24,0.25463,0.04,0.21463,TIMEOUT
ARB-USDT-PERP,2024-06-08 22:00:00+00:00,2024-06-09 22:00:00+00:00,LONG,-1.22,24,0.26342,0.04,0.22342,TIMEOUT
ARB-USDT-PERP,2024-06-10 06:00:00+00:00,2024-06-11 06:00:00+00:00,LONG,-1.207,24,0.28217,0.04,0.24217,TIMEOUT
ARB-USDT-PERP,2024-06-11 06:00:00+00:00,2024-06-12 06:00:00+00:00,LONG,-1.871,24,0.3408,0.04,0.3008,TIMEOUT
ARB-USDT-PERP,2024-06-12 06:00:00+00:00,2024-06-13 06:00:00+00:00,LONG,-2.946,24,0.38558,0.04,0.34558,TIMEOUT
ARB-USDT-PERP,2024-06-13 06:00:00+00:00,2024-06-14 06:00:00+00:00,LONG,-1.447,24,0.28335,0.04,0.24335,TIMEOUT
ARB-USDT-PERP,2024-06-14 06:00:00+00:00,2024-06-15 06:00:00+00:00,LONG,-1.651,24,0.35491,0.04,0.31491,TIMEOUT
ARB-USDT-PERP,2024-06-15 06:00:00+00:00,2024-06-16 06:00:00+00:00,LONG,-1.234,24,0.3201,0.04,0.2801,TIMEOUT
ARB-USDT-PERP,2024-06-16 06:00:00+00:00,2024-06-17 06:00:00+00:00,LONG,-1.943,24,0.32579,0.04,0.28579,TIMEOUT
ARB-USDT-PERP,2024-06-18 18:00:00+00:00,2024-06-19 10:00:00+00:00,LONG,-1.453,16,0.20606,0.04,0.16606,REVERT
ARB-USDT-PERP,2024-06-20 20:00:00+00:00,2024-06-21 20:00:00+00:00,LONG,-1.334,24,0.38335,0.04,0.34335,TIMEOUT
ARB-USDT-PERP,2024-06-21 20:00:00+00:00,2024-06-22 20:00:00+00:00,LONG,-1.72,24,0.40472,0.04,0.36472,TIMEOUT
ARB-USDT-PERP,2024-06-22 20:00:00+00:00,2024-06-23 20:00:00+00:00,LONG,-1.603,24,0.4186,0.04,0.3786,TIMEOUT
ARB-USDT-PERP,2024-06-23 20:00:00+00:00,2024-06-24 20:00:00+00:00,LONG,-2.017,24,0.4382,0.04,0.3982,TIMEOUT
ARB-USDT-PERP,2024-06-24 20:00:00+00:00,2024-06-25 20:00:00+00:00,LONG,-1.649,24,0.43521,0.04,0.39521,TIMEOUT
ARB-USDT-PERP,2024-06-25 20:00:00+00:00,2024-06-26 04:00:00+00:00,LONG,-1.23,8,0.12111,0.04,0.08111,REVERT
ARB-USDT-PERP,2024-06-27 14:00:00+00:00,2024-06-28 14:00:00+00:00,LONG,-1.203,24,0.44042,0.04,0.40042,TIMEOUT
ARB-USDT-PERP,2024-06-28 14:00:00+00:00,2024-06-28 23:00:00+00:00,LONG,-1.296,9,0.12788,0.04,0.08788,REVERT
ARB-USDT-PERP,2024-07-01 12:00:00+00:00,2024-07-02 12:00:00+00:00,SHORT,1.42,24,-0.16242,0.04,-0.20242,TIMEOUT
ARB-USDT-PERP,2024-07-02 12:00:00+00:00,2024-07-03 12:00:00+00:00,SHORT,1.938,24,-0.13809,0.04,-0.17809,TIMEOUT
ARB-USDT-PERP,2024-07-03 12:00:00+00:00,2024-07-04 12:00:00+00:00,SHORT,2.155,24,-0.1083,0.04,-0.1483,TIMEOUT
ARB-USDT-PERP,2024-07-04 12:00:00+00:00,2024-07-05 12:00:00+00:00,SHORT,2.213,24,-0.12408,0.04,-0.16408,TIMEOUT
ARB-USDT-PERP,2024-07-05 12:00:00+00:00,2024-07-06 12:00:00+00:00,SHORT,1.749,24,-0.09741,0.04,-0.13741,TIMEOUT
ARB-USDT-PERP,2024-07-06 12:00:00+00:00,2024-07-07 12:00:00+00:00,SHORT,2.076,24,-0.03675,0.04,-0.07675,TIMEOUT
ARB-USDT-PERP,2024-07-07 14:00:00+00:00,2024-07-08 14:00:00+00:00,SHORT,2.314,24,-0.03617,0.04,-0.07617,TIMEOUT
ARB-USDT-PERP,2024-07-08 16:00:00+00:00,2024-07-09 16:00:00+00:00,SHORT,2.727,24,0.01104,0.04,-0.02896,TIMEOUT
ARB-USDT-PERP,2024-07-10 00:00:00+00:00,2024-07-11 00:00:00+00:00,SHORT,2.219,24,0.02922,0.04,-0.01078,TIMEOUT
ARB-USDT-PERP,2024-07-11 00:00:00+00:00,2024-07-12 00:00:00+00:00,SHORT,1.976,24,0.02243,0.04,-0.01757,TIMEOUT
ARB-USDT-PERP,2024-07-12 00:00:00+00:00,2024-07-13 00:00:00+00:00,SHORT,1.89,24,-0.06233,0.04,-0.10233,TIMEOUT
ARB-USDT-PERP,2024-07-13 16:00:00+00:00,2024-07-14 16:00:00+00:00,SHORT,1.242,24,-0.04683,0.04,-0.08683,TIMEOUT
ARB-USDT-PERP,2024-07-16 06:00:00+00:00,2024-07-17 06:00:00+00:00,SHORT,1.468,24,0.01161,0.04,-0.02839,TIMEOUT
ARB-USDT-PERP,2024-07-17 08:00:00+00:00,2024-07-18 08:00:00+00:00,SHORT,1.342,24,-0.01038,0.04,-0.05038,TIMEOUT
ARB-USDT-PERP,2024-07-24 18:00:00+00:00,2024-07-25 18:00:00+00:00,SHORT,1.216,24,0.05116,0.04,0.01116,TIMEOUT
ARB-USDT-PERP,2024-07-25 18:00:00+00:00,2024-07-26 18:00:00+00:00,SHORT,1.244,24,0.02545,0.04,-0.01455,TIMEOUT
ARB-USDT-PERP,2024-07-28 20:00:00+00:00,2024-07-29 20:00:00+00:00,SHORT,1.213,24,0.04607,0.04,0.00607,TIMEOUT
ARB-USDT-PERP,2024-07-29 20:00:00+00:00,2024-07-30 20:00:00+00:00,SHORT,1.333,24,0.05521,0.04,0.01521,TIMEOUT
ARB-USDT-PERP,2024-07-30 20:00:00+00:00,2024-07-31 20:00:00+00:00,SHORT,2.322,24,0.11047,0.04,0.07047,TIMEOUT
ARB-USDT-PERP,2024-07-31 20:00:00+00:00,2024-08-01 20:00:00+00:00,SHORT,2.468,24,0.18238,0.04,0.14238,TIMEOUT
ARB-USDT-PERP,2024-08-01 20:00:00+00:00,2024-08-02 20:00:00+00:00,SHORT,3.286,24,0.28444,0.04,0.24444,TIMEOUT
ARB-USDT-PERP,2024-08-02 20:00:00+00:00,2024-08-03 20:00:00+00:00,SHORT,3.682,24,0.27891,0.04,0.23891,TIMEOUT
ARB-USDT-PERP,2024-08-03 20:00:00+00:00,2024-08-04 20:00:00+00:00,SHORT,2.654,24,0.32129,0.04,0.28129,TIMEOUT
ARB-USDT-PERP,2024-08-04 20:00:00+00:00,2024-08-05 20:00:00+00:00,SHORT,3.223,24,0.39094,0.04,0.35094,TIMEOUT
ARB-USDT-PERP,2024-08-05 20:00:00+00:00,2024-08-06 20:00:00+00:00,SHORT,3.012,24,0.39739,0.04,0.35739,TIMEOUT
ARB-USDT-PERP,2024-08-06 20:00:00+00:00,2024-08-07 20:00:00+00:00,SHORT,2.179,24,0.28713,0.04,0.24713,TIMEOUT
ARB-USDT-PERP,2024-08-11 03:00:00+00:00,2024-08-12 03:00:00+00:00,SHORT,1.274,24,0.28802,0.04,0.24802,TIMEOUT
ARB-USDT-PERP,2024-08-24 19:00:00+00:00,2024-08-25 19:00:00+00:00,LONG,-1.685,24,0.04772,0.04,0.00772,TIMEOUT
ARB-USDT-PERP,2024-08-25 19:00:00+00:00,2024-08-26 19:00:00+00:00,LONG,-1.976,24,-0.00927,0.04,-0.04927,TIMEOUT
ARB-USDT-PERP,2024-08-27 20:00:00+00:00,2024-08-28 20:00:00+00:00,LONG,-1.684,24,0.05252,0.04,0.01252,TIMEOUT
ARB-USDT-PERP,2024-08-28 20:00:00+00:00,2024-08-29 20:00:00+00:00,LONG,-1.865,24,0.07526,0.04,0.03526,TIMEOUT
ARB-USDT-PERP,2024-08-29 20:00:00+00:00,2024-08-30 20:00:00+00:00,LONG,-1.711,24,0.03486,0.04,-0.00514,TIMEOUT
ARB-USDT-PERP,2024-08-30 20:00:00+00:00,2024-08-31 20:00:00+00:00,LONG,-1.763,24,0.06319,0.04,0.02319,TIMEOUT
